LA (name),EstablishmentName,Postcode,Region,HE Provider,Biofuels (kWh),Biomass (kWh),Carbon allowance (tonnes CO2e),Carbon allowance bought or sold (tonnes CO2e),Coal (industrial) (kWh),Compressed natural gas (kWh),Cost (£),Electricity consumed from onsite CHP (kWh),Fuel oil (kWh),Gas oil (kWh),Grid electricity (kWh),Heat consumed from onsite CHP (kWh),Liquefied natural gas (kWh),Liquefied petroleum gas (kWh),Lubricants (kWh),Natural gas excluding that used as input for a CHP unit (kWh),Natural gas used as input for a CHP unit (kWh),Onsite photovoltaic (kWh),Onsite wind (kWh),Other onsite renewables (kWh),Other petroleum gas (kWh),Participation,Petroleum coke (kWh),Research income (£),Steam and hot water (kWh),Teaching income (£),Total energy consumption (kWh),Total energy generated onsite by CHP (kWh),Total expenditure (£),Total gross internal area (m2),Total income (£),Total percentage of renewable energy purchased through green tariffs (%),Total renewable energy generated onsite or offsite (kWh)
,Abertay University,,,Abertay University,0.0,0.0,0.0,0.0,0.0,0.0,0.0,00,00,00,25273422605434,00,0.0,00,00,53716066007717,00,00,0.0,00,0.0,0.0,0.0,40400004154000.0,00,3271100031245000.0,78989488613151,0000,3971100038557000,3900447784,4092800038177000,0,00
,Aberystwyth University,,,Aberystwyth University,0.0,720005060.25,0.0,0.0,0.0,0.0,0.0,00,00,1643112.241350232.8,15609384.6217459610.95,00,0.0,174380.453339.22,00,1890814123453370,00,135816328301,0.0,00,0.0,0.0,0.0,3213000027518000.0,00,6576600063273000.0,37876981.9642374990.95,667900667900,129866000150725000,260123.43260123.43,132771000123523000,100.0%0.4%100.0%0.4%,302316333361.25302316333361.25
Essex,Anglia Ruskin University,CM1 1SQ,East of England,Anglia Ruskin University,0.0,0.0,0.0,0.0,0.0,0.0,0.0,3250451670124,00,00,12594009.6211018164.803,4154702079077,0.0,00,00,9570544.9039843614.563,1023058.525113592.04,58048.57742099.215,0.0,00,0.0,0.0,0.0,117180008764000.0,00,3.03106000294327e+17,22963118.124653079.581,74051537492017405153749201,328861000316847000,131093.24131283.74,335300000317866000,8.0%8.0%8.0%8.0%,116097.15484198.431116097.15484198.431
Birmingham,Aston University,B4 7ET,West Midlands,Aston University,0.0,0.0,0.0,0.0,0.0,0.0,0.0,00,1284.6680,00,13204266.66911679604,00,0.0,00,00,35912204303950,00,10503941155.1,0.0,00,0.0,0.0,0.0,2933400026314000.0,11029137.67611471304,1.72702000159667e+17,27930948.01327496013.1,0000,208539000222151000,112595105735,220959000200789000,9.9%17.0%9.9%17.0%,10503941155.110503941155.1
,Bangor University,,,Bangor University,0.0,0.0,0.0,0.0,0.0,0.0,0.0,688235977.9,00,00,13926480.4514123542.762,1530386487,0.0,95112.854417.1,00,17939533.3919880836.18,25211139165,110337.6473574.06,0.0,00,0.0,0.0,0.0,4339300040739000.0,00,1.028450009432e+16,32600032.4834776598.802,22185122464.922185122464.9,172291000200296000,234102.195234102.195,178022000163249000,0.0%27.0%0.0%27.0%,110337.6473574.06110337.6473574.06
Bath and North East Somerset,Bath Spa University,BA2 9BN,South West,Bath Spa University,0.0,11069022387800.0,0.0,0.0,0.0,0.0,0.0,00,00,00,46737275111832,00,0.0,00,00,62479214939898,00,7000070000,0.0,00,0.0,0.0,0.0,37190003124000.0,00,1.2888600081191e+16,1209855012509530,0000,144600000103154000,72857.1586509.618,14576000098792000,48.1%60.2%48.1%60.2%,1179902240392511799022403925
Camden,Birkbeck College,WC1E 7HX,London,Birkbeck College,0.0,0.0,0.0,0.0,0.0,0.0,0.0,00,00,00,6663997.26717981,415270202395,0.0,00,00,45482274105232,00,00,0.0,00,0.0,0.0,0.0,2177400020404000.0,00,7536000076801000.0,11627494.211025608,415270202395415270202395,108152000131731000,4780444979,110284000108248000,100.0%100.0%100.0%100.0%,0000
Birmingham,Birmingham City University,B5 5JU,West Midlands,Birmingham City University,0.0,602865122514.0,0.0,0.0,0.0,0.0,0.0,234246234246,00,0127002,1727012817934758,381745381745,0.0,00,00,1742533020569730,766741766741,7654680322,0.0,00,0.0,0.0,0.0,79240007342000.0,00,2.84423000261147e+17,3599086039450317,615991615991615991615991,297555000284427000,157747182741,316832000288486000,0.0%90.0%0.0%90.0%,76546803227654680322
Lincolnshire,Bishop Grosseteste University,LN1 3DY,East Midlands,Bishop Grosseteste University,0.0,0.0,0.0,0.0,0.0,0.0,0.0,00,00,00,13180791402229.38,00,0.0,00,00,2561553.712750274,00,00,0.0,00,0.0,0.0,0.0,269000417000.0,00,1720900018091000.0,3879632.714152503.38,0000,2405100026919000,25929.37425929.374,2124800021833000,49.5%49.5%49.5%49.5%,1177810279.11177810279.1
"Bournemouth, Christchurch and Poole",Bournemouth University,BH12 5BB,South West,Bournemouth University,0.0,676000350400.0,0.0,0.0,0.0,0.0,0.0,00,00,00,81948578933214,00,0.0,00,00,68130917348918,00,603719.812561393,0.0,363188964499,0.0,0.0,0.0,128350008954000.0,00,1.55331000147211e+17,16650855.81218158424,0000,180419000176504000,9523395217,184601000169674000,100.0%100.0%100.0%100.0%,1776507.81219333921776507.8121933392
,Brunel University London,,,Brunel University London,0.0,0.0,0.0,0.0,0.0,0.0,0.0,00,00,00,2239943221944248.8,00,0.0,00,00,2777435129350388,00,7100070000,15001480.0,00,0.0,0.0,0.0,3087800035112000.0,00,1.85992000178469e+17,5024628351366116.8,0000,278195000312002000,254892.364246858.404,282373000271349000,9.4%9.2%9.4%9.2%,4715000471650047150004716500
Buckinghamshire,Buckinghamshire New University,HP11 2JZ,South East,Buckinghamshire New University,0.0,0.0,0.0,0.0,0.0,0.0,0.0,00,5300026800,00,62181555148249,00,0.0,00,00,67361137170574,00,126989126881,0.0,00,0.0,0.0,0.0,617000645000.0,00,1.76264000158097e+17,1313425712472504,0000,180806000161466000,70455.3970455.39,188847000169010000,14.2%14.2%,126989126881126989126881
Kent,Canterbury Christ Church University,CT1 1QU,South East,Canterbury Christ Church University,0.0,0.0,0.0,0.0,0.0,0.0,0.0,00,00,00,8335496.8510238627.22,00,0.0,7906.7160,00,12159327.811439129.37,00,3923223174.01,0.0,00,0.0,0.0,0.0,53870004629000.0,00,2.38454000162718e+17,20541963.36621700930.6,0000,260420000191206000,126739.512137204,263808000185834000,40.6%0.5%40.6%0.5%,83747288374728
,Cardiff Metropolitan University,,,Cardiff Metropolitan University,0.0,0.0,0.0,0.0,0.0,0.0,0.0,00,00,00,60279695192777,00,0.0,00,00,99153589585262,00,3732036119,0.0,00,0.0,0.0,0.0,70740005453000.0,00,1.23787000112278e+17,1598064714814158,0000,147638000137885000,9704197041,153234000137176000,37.6%54.0%37.6%54.0%,37120361193712036119
,Cardiff University,,,Cardiff University,0.0,0.0,0.0,0.0,0.0,0.0,0.0,00,00,00,5132665051267886.237,00,0.0,00,00,71423014.8578046198.576,00,283826.006283826.006,0.0,00,0.0,0.0,0.0,1.94680000183998e+17,1289020,3.39760000363832e+17,123162392.856129597910.819,0000,611469000725313000,545578545578,636381000634167000,100.0%100.0%100.0%100.0%,283826.006283826.006283826.006283826.006
Camden,University of London,WC1E 7HU,London,"City, University of London",0.0,0.0,0.0,0.0,0.0,0.0,0.0,54185824576559.34,00,00,1277015413499749,28848992592385.732,0.0,00,00,1165495214717482,36805124647626,662480,0.0,00,0.0,0.0,0.0,2626500024417000.0,00,2.33347000220355e+17,3279483535386176.072,8303481716894583034817168945,272199000328182000,125676.51124175.57,276726000262148000,100.0%100.0%100.0%100.0%,6624866248
Coventry,Coventry University,CV1 5FB,West Midlands,Coventry University,0.0,490800268512.0,0.0,0.0,0.0,0.0,0.0,52911882209090,00,00,1718523120107490,68000043036820,0.0,270573292470.9,00,27988335.0635096210.96,160013014277586,4428257137,0.0,00,0.0,0.0,0.0,257850000.0,00,425139000.0,58070413.0661067730.86,120911925245910120911925245910,4972510000,294932.737292276.83,491296000,29.6%33.9%29.6%33.9%,535082325649535082325649
Central Bedfordshire,Cranfield University,MK43 0AL,East of England,Cranfield University,0.0,16369002389428.0,0.0,0.0,0.0,0.0,0.0,6904220.1556877929.896,00,463490641815.399,1334544612186252,39811554632027,1893.34,00,00,15641033.34618811870.459,19174296.65419023882.541,1385760.943955432.051,0.0,3000030000,0.0,0.0,0.0,5562400052736000.0,00,1.06243000100868e+17,43402304.44446555011.284,10885375.1511509956.89610885375.1511509956.896,223938000244147000,193061.914193059.4,220286000200313000,0.0%0.0%0.0%0.0%,3052660.9433374860.0513052660.9433374860.051
Leicester,De Montfort University,LE1 9BH,East Midlands,De Montfort University,0.0,0.0,0.0,0.0,0.0,0.0,0.0,00,00,00,1257931314670608,00,0.0,00,00,1484821417951728,00,216990197812,0.0,77817752,0.0,0.0,0.0,112160008448000.0,00,2.35011000222894e+17,2765229832827900,0000,243533000251471000,180889.41181696.62,266325000243020000,0.0%32.1%0.0%32.1%,224771205564224771205564
Lancashire,Edge Hill University,L39 4QP,North West,Edge Hill University,0.0,0.0,0.0,0.0,0.0,0.0,0.0,637446,0,0,9132871,1263857,0.0,0,0,11686820,2196562,26329.68,0.0,0,0.0,0.0,0.0,5235000.0,0,114042000.0,22747323.68,19013031901303,138226000,133898.04,143879000,40.0%40.0%,26329.6826329.68
,Edinburgh Napier University,,,Edinburgh Napier University,0.0,0.0,0.0,0.0,0.0,0.0,0.0,00,00,00,67442176227524,00,0.0,00,00,1046581510165963,00,2600027528,0.0,00,0.0,0.0,0.0,92800007399000.0,00,1.38572000124076e+17,1723603216421015,0000,161330000155018000,111456.398111456.398,168844000148309000,39.2%38.0%39.2%38.0%,26000275282600027528
Cornwall,Falmouth University,TR11 4RH,South West,Falmouth University,0.0,0.0,0.0,0.0,0.0,0.0,0.0,00,00,00,5533539.95837055.1,00,0.0,00,00,71474318098840,00,11016655000,0.0,00,0.0,0.0,0.0,2286000955000.0,00,6372800055610000.0,12832019.414009007.6,0000,7363000068020000,80577.88765047.677,7390300063105000,0.0%0.0%0.0%0.0%,1653325500016533255000
,Glasgow Caledonian University,,,Glasgow Caledonian University,0.0,0.0,0.0,0.0,0.0,0.0,0.0,43090993914800,00,00,53879435192067,0,0.0,00,00,1287743713130808,123862709469419,00,0.0,00,0.0,0.0,0.0,1266200011646000.0,00,1.54524000129835e+17,2233166922237675,4309099391480043090993914800,178881000154249000,104888.96102691.39,179350000152233000,17.0%16.2%17.0%16.2%,0000
,Glasgow School of Art,,,Glasgow School of Art,0.0,0.0,0.0,0.0,0.0,0.0,0.0,00,00,00,28737492803877,00,6960531.0,00,00,61637000,00,00,0.0,00,0.0,0.0,0.0,36010003058000.0,00,3489900032787000.0,90374499764408,0000,4472700043723000,6550866818,4711000044335000,0,0000
,Goldsmiths College,,,Goldsmiths College,0.0,0.0,0.0,0.0,0.0,0.0,0.0,00,00,00,45908164899078,00,0.0,00,00,83041428434913,00,108275.58114531.75,0.0,00,0.0,0.0,0.0,1231000010532000.0,7455558744.66,1.11812000109041e+17,13077788.5813507267.41,0000,133226000170081000,79780.6679781.31,141526000137440000,35.0%35.0%,4699091.5804699091.580
City of London,Guildhall School of Music and Drama,EC2Y 8DT,London,Guildhall School of Music and Drama,0.0,0.0,0.0,0.0,0.0,0.0,0.0,00,00,00,3277825.993257334,00,0.0,00,00,2364150562,34581733769293,00,0.0,00,0.0,0.0,0.0,27190001233000.0,00,2275700021149000.0,3301466.993307896,0000,4214200037624000,33817.0433817.04,4007400036452000,54.8%46.0%54.8%46.0%,0000
,Heriot-Watt University,,,Heriot-Watt University,0.0,0.0,0.0,0.0,0.0,0.0,0.0,00,00,103590104977,1951810519321399,00,0.0,123657.065180255.488,00,3467065835576249,00,1623718236,0.0,00,0.0,0.0,0.0,0.0,00,0.0,54432248.17755201116.488,0000,0,234427.87228513.26,0,37.5%36.8%37.5%36.8%,16237182361623718236
Kensington and Chelsea,"Imperial College of Science, Technology and Medicine",SW7 2AZ,London,"Imperial College of Science, Technology and Medicine",3731570.0,0.0,0.0,0.0,0.0,0.0,0.0,4029094064136653,00,00,68328768.95853002959,2468374638331086,0.0,00,00,9496309182566461,106066846163929267,2407716895,0.0,00,0.0,0.0,0.0,4.96230000471087e+17,00,5.22280000472277e+17,228663779.958238054054,6497468620067451364974686200674513,12400800001259502000,591541588084,12688520001163193000,100.0%100.0%100.0%100.0%,24077168952407716895
Staffordshire,University of Keele,ST5 5BG,West Midlands,Keele University,0.0,20684.0,0.0,0.0,0.0,0.0,0.0,00,00,00,73595279473283,0192801,0.0,00,00,2786659530502002,0379852,4069519.872500000,1350778.509100003,2262824049,0.0,0.0,0.0,271330000.0,00,118080000.0,40669048.37943712849,01928010192801,1835360000,175855.5171666.8,206323000,34.0%34.0%34.0%34.0%,6022553.75447652646022553.7544765264
Lambeth,King's College London,SE1 8WA,London,King's College London,0.0,0.0,0.0,0.0,0.0,0.0,0.0,00,00,1744929.21100327.752,6988651466694271,00,0.0,00,00,5187372552585147,00,86135101.06,0.0,00,0.0,0.0,0.0,3.23350000296523e+17,1223337510307235,6.69035000674105e+17,135747156.2130692081.812,0000,11016990001396640000,443606.782430955.442,12299590001149251000,9.0%45.0%9.0%45.0%,8613.065101.068613.065101.06
Kingston upon Thames,Kingston University,KT1 1LQ,London,Kingston University,0.0,0.0,0.0,0.0,0.0,0.0,0.0,1864118626,00,00,1294438313850466,278500131520,0.0,00,00,1399063014051213,214051213586,3557736130,0.0,00,0.0,0.0,0.0,94580006602000.0,00,1.88145000188053e+17,2726773128087955,297141150146297141150146,231381000231342000,162510.241161384.52,229505000219310000,35.0%35.0%35.0%35.0%,35577361303557736130
Leeds,Leeds Arts University,LS2 9AQ,Yorkshire and the Humber,Leeds Arts University,0.0,0.0,0.0,0.0,0.0,0.0,0.0,0,0,0,1467119,0,0.0,0,0,1702705,0,23891,0.0,0,0.0,0.0,0.0,461000.0,0,24692000.0,3193715,0,24121000,23391,25732000,46.0%46.0%,2676026760
Leeds,Leeds Beckett University,LS6 3QS,Yorkshire and the Humber,Leeds Beckett University,0.0,0.0,0.0,0.0,0.0,0.0,0.0,1173594994969,00,00,1182063612411707,1826173.7741550899,0.0,00,00,1269094313941829,31130512773413,238594.96205578.545,0.0,00,0.0,0.0,0.0,87970007239000.0,00,1.95272000191027e+17,27749941.73429104982.545,2999767.77425458682999767.7742545868,244970000236316000,229749.8233174.17,238515000230904000,48.0%42.6%48.0%42.6%,238594.96205578.545238594.96205578.545
Leeds,Leeds Trinity University,LS18 5HD,Yorkshire and the Humber,Leeds Trinity University,0.0,0.0,0.0,0.0,0.0,0.0,0.0,439942403352,00,00,17923471871100,645106613095,0.0,00,00,44940445048341,13705361256549,217728400,0.0,00,0.0,0.0,0.0,373000158000.0,00,5775900050098000.0,73932117944288,1085048101644710850481016447,5979500047984000,42541.4743258.03,6423000054559000,30.6%0.0%30.6%0.0%,217728400217728400
Liverpool,Liverpool Hope University,L16 9JD,North West,Liverpool Hope University,0.0,0.0,0.0,0.0,0.0,0.0,0.0,00,00,00,5280021.9855450206.22,00,0.0,00,00,73042008643506,00,127914.5373471.93,0.0,00,0.0,0.0,0.0,17560001179000.0,00,4888700050304000.0,12712136.51514167184.15,0000,5593400054707000,8326786312,5824300058119000,0.0%0.0%0.0%0.0%,127914.5373471.93127914.5373471.93
Liverpool,Liverpool John Moores University,L3 5UX,North West,Liverpool John Moores University,0.0,0.0,0.0,0.0,0.0,0.0,0.0,00,00,00,1523173414628692,00,0.0,00,00,1406822717758821,00,112237221,0.0,00,0.0,0.0,0.0,2353800020946000.0,00,2.41512000230358e+17,2931118432394734,0000,255491000236811000,153812.1154170.4,277270000257896000,100.0%100.0%100.0%100.0%,112237221112237221
,Liverpool School of Tropical Medicine,,,Liverpool School of Tropical Medicine,0.0,0.0,0.0,0.0,0.0,0.0,0.0,00,00,00,4845344.244869051.8,00,0.0,00,00,5169306.885167700.519,00,00,0.0,00,0.0,0.0,0.0,1.28426000117194e+17,00,954400010066000.0,10014651.1210036752.319,0000,146899000203314000,27514.1322456.82,154796000196652000,0,12325.511203.5112325.511203.51
City of London,London Metropolitan University,N7 8DB,London,London Metropolitan University,0.0,0.0,0.0,0.0,0.0,0.0,0.0,00,00,00,64737376431917,00,0.0,00,00,81352318332660,00,1006610066,0.0,00,0.0,0.0,0.0,23590002346000.0,00,1.3606200011206e+17,1461903414774643,0000,147436000125511000,83223.7883223.78,152333000122546000,0.0%0.0%0.0%0.0%,10666100661066610066
Westminster,London School of Economics and Political Science,WC2A 2AE,London,London School of Economics and Political Science,0.0,0.0,0.0,0.0,0.0,0.0,0.0,073229,00,2089236125,1821061218488936,0147160,0.0,00,00,1993034123260669,0254918,101514130429,0.0,00,0.0,0.0,0.0,5857100056949000.0,00,3.06145000274861e+17,3826335942136548,02203890220389,430093000463553000,213208.656214376.18,471305000441373000,99.5%99.1%99.5%99.1%,101514130429101514130429
Camden,London School of Hygiene & Tropical Medicine,WC1E 7HT,London,London School of Hygiene and Tropical Medicine,0.0,0.0,0.0,0.0,0.0,0.0,0.0,00,00,00,5113453.14766667,00,0.0,00,00,29714334052349,00,00,0.0,00,0.0,0.0,0.0,2.0952700019619e+17,00,3661600038456000.0,8084886.18819016,0000,283218000291273000,25486.33525462.63,278185000261383000,82.3%82.3%82.3%82.3%,0
Southwark,London South Bank University,SE1 0AA,London,London South Bank University,0.0,0.0,0.0,0.0,0.0,0.0,0.0,00,00,00,12440446.77311315331,00,0.0,00,00,9774817.9139749201,00,00,0.0,00,0.0,0.0,0.0,105460006891000.0,00,1.72532000171787e+17,22215264.68621064532,0000,218269000197548000,150935.59150935.59,201926000199114000,55.9%50.8%55.9%50.8%,0000
Leicestershire,Loughborough University,LE11 3TU,East Midlands,Loughborough University,0.0,0.0,0.0,0.0,0.0,0.0,0.0,6188239.18610699975,00,00,3176751025367518,6089544.6758736724,0.0,00,00,57037849.21458518659,15157157.78627547399,00,0.0,00,0.0,0.0,0.0,6991800056935000.0,00,2.17344000202663e+17,101083143.075103322876,12277783.8611943669912277783.86119436699,348652000388391000,328368.26321717.13,379054000337261000,0.0%0.0%0.0%0.0%,0000
Enfield,Middlesex University,N14 4YZ,London,Middlesex University,0.0,0.0,0.0,0.0,0.0,0.0,0.0,304217,0,0,8829821,462409,0.0,0,0,6447501,947716,73398,0.0,0,0.0,0.0,0.0,10478000.0,0,161554000.0,16117346,304217304217,211949000,92771,201554000,0.0%0.0%,7339873398
,Newcastle University,,,Newcastle University,0.0,0.0,0.0,0.0,0.0,0.0,0.0,319726179249,00,117231102579,46564199.1544809804.042,531740296209,0.0,148895217210,00,48584655.0256899638.669,1047391583458,18991758786,0.0,00,0.0,0.0,0.0,1.64618000146747e+17,13568640.3413899640.337,3.4696600032839e+17,110082796.51116524430.048,851466475458851466475458,573229000639627000,487550.31490051.77,608288000558606000,42.3%33.8%42.3%33.8%,1899175878618991758786
Norfolk,Norwich University of the Arts,NR2 4SN,East of England,Norwich University of the Arts,0.0,0.0,0.0,0.0,0.0,0.0,0.0,00,00,00,18573921699310,00,0.0,00,00,19311102006330,00,00,0.0,00,0.0,0.0,0.0,954000427000.0,00,2761100026423000.0,37885023705640,0,2590400023640000,3125624806,3114000028714000,0,0
Oxfordshire,Oxford Brookes University,OX3 0BP,South East,Oxford Brookes University,0.0,0.0,0.0,0.0,0.0,0.0,0.0,10480681218885,00,00,1209160912103722,18740462125046,0.0,00,00,1944142023160592,34467823919535,326579326579,0.0,08000,0.0,0.0,0.0,1447400014376000.0,00,1.59080000147558e+17,3482384139032029,2922114334393129221143343931,238124000232269000,215418213218,238030000216558000,35.0%0.0%35.0%0.0%,326579326579326579326579
,"Queen Margaret University, Edinburgh",,,"Queen Margaret University, Edinburgh",0.0,2161.0,0.0,0.0,0.0,0.0,0.0,00,00,00,3544155.983849304.89,00,0.0,00,00,5839290.926699189.51,00,00,0.0,00,0.0,0.0,0.0,37290004617000.0,00,3865900036863000.0,9383446.910550655.4,0000,5095500048723000,46416.5846416.58,5111700048317000,0.0%0.0%0.0%0.0%,0216102161
Tower Hamlets,Queen Mary University of London,E1 4NS,London,Queen Mary University of London,0.0,0.0,0.0,0.0,0.0,0.0,0.0,0672453,00,88308.60,3253155932013175.5,02214384,0.0,00,00,2772096825774488.1,03396279,6115728531,0.0,00,0.0,0.0,0.0,1.86005000161766e+17,00,4.14312000388993e+17,60401992.660787821,02886836.75502886836.755,603306000630957000,265448.3264929.59,679819000634528000,0,61157147356115714735
,Queen's University Belfast,,,Queen's University Belfast,0.0,0.0,0.0,0.0,0.0,0.0,0.0,887483313420705,00,00,2897559123427320,57954959147245,0.0,00,00,5245194752966726,2378051736885661,6134447275,0.0,00,0.0,0.0,0.0,1.34911000130813e+17,00,2.37359000230798e+17,9684241899621645,887483313420705887483313420705,441464000517107000,425595397670,460525000437681000,100.0%100.0%,6134461344
,Robert Gordon University,,,Robert Gordon University,0.0,0.0,0.0,0.0,0.0,0.0,0.0,00,501146.8124984.6,00,9562629.99489518.2,00,0.0,00,00,14699681.8115865892.832,00,30136.9432131,0.0,8651700,0.0,0.0,0.0,65760005687000.0,00,1.0933600098894e+16,25658765.4525512526.632,0000,126624000114913000,106562106382,129364000114741000,37.4%45.0%37.4%45.0%,895306.9432131895306.9432131
,Rose Bruford College of Theatre and Performance,,,Rose Bruford College of Theatre and Performance,0.0,0.0,0.0,0.0,14247560.0,1518085.0,0.0,00,00,00,879934888212,00,0.0,00,00,00,00,00,0.0,00,0.0,0.0,0.0,2480000.0,00,11744000.0,23046902406297,0000,146120000,1370713707,14758000,0.0%0.0%0.0%0.0%,1111
Kensington and Chelsea,Royal College of Art,SW7 2EU,London,Royal College of Art,0.0,0.0,0.0,0.0,0.0,0.0,0.0,0,0,0,4761383.863,0,0.0,0,0,4886822.71,0,0,0.0,0,0.0,0.0,0.0,7778000.0,1121689.92,77186000.0,10769896.493,00,91004000,51081.57,100405000,0.1%0.1%,00
Kensington and Chelsea,Royal College of Music,SW7 2BS,London,Royal College of Music,0.0,0.0,0.0,0.0,0.0,0.0,0.0,00,00,00,14486241510955,00,0.0,00,00,15628101456549,00,00,0.0,00,0.0,0.0,0.0,16430001224000.0,00,2305200022154000.0,30114342967504,0000,3241400032980000,16670.216670.2,3407400033095000,48.0%50.9%48.0%50.9%,0
Surrey,Royal Holloway and Bedford New College,TW20 0EX,South East,Royal Holloway and Bedford New College,0.0,0.0,0.0,0.0,0.0,0.0,0.0,705916711820,00,00,15546758.916629266,856415842054,0.0,00,00,2172399221131366,15062101599595,4612545721,0.0,00,0.0,0.0,0.0,3139000032327000.0,00,1.43666000132458e+17,38879206.939360227,1608456.213114051608456.21311405,211812000232447000,187735.22187735.22,216104000201103000,0.0%0.0%0.0%0.0%,93676456559367645655
Sheffield,Sheffield Hallam University,S1 1WB,Yorkshire and the Humber,Sheffield Hallam University,0.0,0.0,0.0,0.0,0.0,0.0,0.0,00,00,00,1741576317125524,00,0.0,00,00,51465034942340,00,5146852280,0.0,00,0.0,0.0,0.0,2071300017424000.0,1228029811952150,2.87293000283192e+17,3489403234072294,0000,334929000330090000,196529.9196529.899,329672000314945000,0.1%34.0%0.1%34.0%,51468522805146852280
,SOAS University of London,,,SOAS University of London,0.0,0.0,0.0,0.0,0.0,0.0,0.0,2061139,0,0,26343,1402009,0.0,0,0,1573190,0,0,0.0,0,0.0,0.0,0.0,13509000.0,0,78815000.0,5062681,00,89686000,39718.3,102812000,16.0%16.0%,00
,Solent University,,,Solent University,0.0,0.0,0.0,0.0,0.0,0.0,0.0,00,00,00,7233562.77919345.4,00,0.0,00,00,1089890.711459527.39,00,00,0.0,00,0.0,0.0,0.0,548000701000.0,27691203754780,9382800092321000.0,11092573.4113133652.79,0,109434000108941000,105689116860,106245000103614000,0,0
,SRUC,,,SRUC,0.0,0.0,0.0,0.0,0.0,0.0,0.0,0,0,0,0,0,0.0,0,0,0,0,0,0.0,0,0.0,0.0,0.0,3054500019110000.0,0,3060200031287000.0,0,0,9791800089417000,128735126417,9169000088629000,0,0
,"St George's, University of London",,,"St George's, University of London",0.0,0.0,0.0,0.0,0.0,0.0,0.0,74268367723995.504,00,00,29362782754759.286,42439061587568.914,0.0,00,00,1521597499714,2121953119454940.61,00,0.0,00,0.0,0.0,0.0,1710400015397000.0,70528069617200.193,5237900053180000.0,2318142322183237.897,116707429311564.417116707429311564.417,8800600096401000,70459.1270592.2,8965600087834000,0.0%0.0%0.0%0.0%,0000
,St Mary's University College,,,St Mary's University College,0.0,710000539900.0,0.0,0.0,0.0,0.0,0.0,232883754,4658563735,00,531534463217,210045000,0.0,010464,00,365874919678,8181299267,00,0.0,00,0.0,0.0,0.0,610000.0,00,91400009125000.0,16584212125748,44281287544428128754,100030009509000,1481014810,101400009855000,0,0
Richmond upon Thames,"St Mary's University, Twickenham",TW1 4SX,London,"St Mary's University, Twickenham",0.0,0.0,0.0,0.0,72263240.0,7028977.0,0.0,00,00,00,3338760.13585561,00,0.0,00,00,00,00,00,0.0,00,0.0,0.0,0.0,19760001755000.0,00,4570000043078000.0,10565084.110614538,0000,5728800053927000,4842048149,5764700054358000,0,0
Staffordshire,Staffordshire University,ST4 2DE,West Midlands,Staffordshire University,0.0,0.0,0.0,0.0,0.0,0.0,0.0,00,9423.46330,00,1074375311061847,00,0.0,00,00,79726248900310,00,125069104292,0.0,00,0.0,0.0,0.0,33170002015000.0,497812662658,1.48205000133295e+17,19348681.420735437,0,152903000138568000,107239107239,168075000150461000,0.0%0.0%0.0%0.0%,104292104292
,Swansea University,,,Swansea University,0.0,0.0,0.0,0.0,0.0,0.0,0.0,042366,00,00,3046478329819099,014800,0.0,00,00,3116315131604840,0144977,457834343930,0.0,592812532647,0.0,0.0,0.0,8771300090292000.0,00,2.52517000211147e+17,6319548562832326,057166057166,348691000447629000,261217.48255212.25,412637000370086000,0.0%67.0%0.0%67.0%,10506468765771050646876577
Middlesbrough,Teesside University,TS1 3BA,North East,Teesside University,0.0,0.0,0.0,0.0,0.0,0.0,0.0,0555315,00,00,1181033212588946,0374470,0.0,00,00,1256956113645695,01767718,9748388862,0.0,00,0.0,0.0,0.0,94410006491000.0,00,1.75487000154387e+17,2447737627253288,09297850929785,197584000183469000,168648.9167206.93,210161000180253000,48.4%45.0%48.4%45.0%,97483888629748388862
"Bournemouth, Christchurch and Poole",Arts University Bournemouth,BH12 5HH,South West,The Arts University Bournemouth,0.0,0.0,0.0,0.0,0.0,0.0,0.0,00,00,00,2553071.442699925.7,00,0.0,00,00,28982983450485.607,00,7967472711.8,0.0,00,0.0,0.0,0.0,564000443000.0,00,4051100038216000.0,5531043.446223123.107,0000,5366400051046000,4904146589,5266000048820000,100.0%100.0%100.0%100.0%,7967472711.87967472711.8
Kensington and Chelsea,Institute of Cancer Research,SW3 6JB,London,The Institute of Cancer Research,0.0,0.0,0.0,0.0,0.0,0.0,0.0,451728368,40002500,00,1289355513890797,445380592,0.0,00,00,1143480012608287,14728411183,5979366074,0.0,00,0.0,0.0,0.0,8419000085265000.0,00,1307400010456000.0,2528925626568618,0000,134937000163476000,4200042000,138641000161155000,100.0%100.0%100.0%100.0%,59793660745979366074
Manchester,The Manchester Metropolitan University,M15 6BH,North West,The Manchester Metropolitan University,0.0,0.0,0.0,0.0,0.0,0.0,0.0,3206451095000,00,00,2183309620672630.96,3507801204500,0.0,00,00,2268635521602243.55,7473342881578.95,249152244083.6,0.0,0137108.73,0.0,0.0,0.0,2907000021912000.0,00,3.49011000327658e+17,4544002844955566.84,67142522995006714252299500,406190000382458000,268491.45270419.84,422046000393007000,46.8%45.8%46.8%45.8%,249152381192.33249152381192.33
,The National Film and Television School,,,The National Film and Television School,0.0,13324370.0,0.0,0.0,0.0,0.0,0.0,00,00,00,12420231300870,00,0.0,00,00,500271272287,00,00,0.0,00,0.0,0.0,0.0,13590001633000.0,00,1612200013081000.0,26244872573157,0000,2113800018501000,12424.0812424.08,2224600019228000,0.0%0.0%0.0%0.0%,0000
Nottinghamshire,The Nottingham Trent University,NG1 4BU,East Midlands,The Nottingham Trent University,0.0,5371891050971.0,0.0,0.0,0.0,0.0,0.0,64082795939768,00,00,2078232820659696,65248708429875,0.0,00,00,1780565312500289,1355981416429261,307659320906,0.0,00,0.0,0.0,0.0,1867500015177000.0,60364015527529,3.78976000363668e+17,5858910654718460,12933149143696431293314914369643,410481000395611000,242988.82241372.67,433949000404137000,37.0%39.3%37.0%39.3%,84484813755048448481375504
Milton Keynes,The Open University,MK7 6AA,South East,The Open University,0.0,0.0,0.0,0.0,0.0,0.0,0.0,00,00,00,1223484112788294,00,0.0,00,00,1385116615396455,00,5414354647,0.0,127860127860,0.0,0.0,0.0,2790400024109000.0,00,5.08618000527386e+17,2626801028367256,0000,535109000777504000,129733130028,561944000553956000,0.0%0.0%0.0%0.0%,182003182507182003182507
Camden,Central School of Speech and Drama,NW3 3HY,London,The Royal Central School of Speech and Drama,0.0,0.0,0.0,0.0,0.0,0.0,0.0,00,2580021920,00,780264.24800735,00,0.0,00,00,10890591062107,00,83926063,0.0,00,0.0,0.0,0.0,42540000.0,00,18127000.0,1903515.241890825,0000,237790000,1063410634,24027000,0.0%0.0%0.0%0.0%,839212126839212126
,The University of Aberdeen,,,The University of Aberdeen,0.0,0.0,0.0,0.0,0.0,0.0,0.0,57990008425299.999,00,155864.25132235.75,13392997.33810573081.617,2156750022032700,0.0,17677.815331.8,00,21659012.01320964654.138,30842409.80934440391.743,113955.8145626.6,0.0,663787,0.0,0.0,0.0,7669700073216000.0,7704040.6279080708.302,1.56904000154463e+17,70410710.82871370425.206,27366500304580002736650030458000,259370000313654000,267984.57267984.57,268635000260909000,88.0%86.8%88.0%86.8%,114491.8146413.6114491.8146413.6
Bath and North East Somerset,University of Bath,BA2 7AY,South West,The University of Bath,0.0,0.0,0.0,0.0,0.0,0.0,0.0,12263941756020.31,00,00,2375367725291423.43,20673491740786.162,0.0,00,00,3822035356565552.289,41346983647510.472,158393150704,0.0,00,0.0,0.0,0.0,7061500062480000.0,00,2.26901000233906e+17,6542616685504486.191,32937433496806.47232937433496806.472,361923000389835000,311179.13285466.95,362945000361782000,100.0%100.0%100.0%100.0%,158393150704158393150704
Birmingham,University of Birmingham,B15 2TT,West Midlands,The University of Birmingham,0.0,0.0,0.0,0.0,0.0,0.0,0.0,3966001536583621,00,298964183,3170483535606283,2933405325131832,0.0,140140,00,80411842103851252,10182685492460903,294385260229,0.0,00,0.0,0.0,0.0,2.49809000257169e+17,517669499154,5.0481900047174e+17,181925928201996694,6899406861747452.976899406861747452.97,8905240001042613000,569829.5550271.5,928716000887940000,0.0%100.0%0.0%100.0%,294385260229294385260229
Bradford,University of Bradford,BD7 1DP,Yorkshire and the Humber,The University of Bradford,0.0,0.0,0.0,0.0,0.0,0.0,0.0,41857435265814,00,00,59607545570723,47656056681598,0.0,00,00,15403404.7620105550.83,1144836414868547,39351.840000,0.0,00,0.0,0.0,0.0,994300010674000.0,00,1.55182000126771e+17,30354858.5637663685.83,912476912027250912476912027250,171444000167456000,116820.36109895.17,177114000145134000,0.0%0.0%0.0%0.0%,39351.84000039351.840000
Brighton and Hove,University of Brighton,BN2 4AT,South East,The University of Brighton,0.0,0.0,0.0,0.0,0.0,0.0,0.0,122956310451,00,10742.50,13381092.613556936.3,211484530567,0.0,00,00,18201389.2622879313.42,4112241018810,622339.02497168,0.0,00,0.0,0.0,0.0,1762100013607000.0,00,1.48093000147011e+17,32550003.3837774435.72,146897841018146897841018,215061000214912000,241208.45238742.55,206163000193530000,42.0%36.0%42.0%36.0%,622339.02497168622339.02497168
"Bristol, City of",University of Bristol,BS8 1TH,South West,The University of Bristol,0.0,0.0,0.0,0.0,0.0,0.0,0.0,3539452135810,00,1021960306935,61754799.663567346,3431383179204,0.0,00,00,6474237665701870,11596736674406,362768313831,0.0,00,0.0,0.0,0.0,2.69758000245133e+17,00,4.85616000456086e+17,128578986.6135204996,69708353150146970835315014,837223000994276000,540044.478531502.75,934147000858485000,9.6%34.0%9.6%34.0%,11765796120282401176579612028240
Cambridgeshire,University of Cambridge,CB2 1TN,East of England,The University of Cambridge,0.0,148800138623.0,0.0,0.0,0.0,0.0,0.0,00,00,1192874979902,144071965144332542,00,0.0,00,00,104420613107224433,00,616954609254,0.0,00,0.0,0.0,0.0,7.13320000696106e+17,68217646774161,4.53908000429201e+17,257272970260058915,0,23178520002301047000,736892.54738889.79,25182550002218748000,0.0%0.0%0.0%0.0%,25173754250999762517375425099976
Lancashire,University of Central Lancashire,PR1 2HE,North West,The University of Central Lancashire,0.0,11515000.0,0.0,0.0,0.0,0.0,0.0,00,00,00,1675800324092856,00,0.0,138159178798.32,00,2239835524878283,00,187593134034.684,35623562.0,15171517,0.0,0.0,0.0,1708300015043000.0,00,2.37192000230253e+17,4063868949289051.004,0000,297579000277163000,204768.86198431.9,292494000277957000,40.0%40.0%40.0%40.0%,187593139113.684187593139113.684
,The University of Chichester,,,The University of Chichester,0.0,168448168448.0,0.0,0.0,0.0,0.0,0.0,00,0231826,00,4196245.83821379,00,0.0,00,00,6801186.257064290,00,4326743267,0.0,00,0.0,0.0,0.0,19980001728000.0,00,4833500048186000.0,11209147.0511329210,0000,6591600064539000,83524.80681874.711,6595900063787000,100.0%100.0%100.0%100.0%,43267432674326743267
,The University of Dundee,,,The University of Dundee,0.0,0.0,0.0,0.0,0.0,0.0,0.0,0,00,00,34776877258325,0,0.0,00,00,6907461067813053,1726865316953263,1300013000,0.0,00,0.0,0.0,0.0,1.0017000093548e+16,0,1.83066000162156e+17,0,0,320922000345433000,201910201910,325710000291992000,0,13000130001300013000
Norfolk,University of East Anglia,NR4 7TJ,East of England,The University of East Anglia,0.0,0.0,0.0,0.0,0.0,0.0,0.0,2360000023752657,00,40080,57209697671217,1623200039787774,0.0,00,00,274179877877422,6155721687925230,324927228537,0.0,00,0.0,0.0,0.0,8023600072492000.0,00,1.89625000189332e+17,7329989179317607,46889725635424314688972563542431,339060000395582000,285317.41284712.27,345506000321428000,100.0%8.0%100.0%8.0%,324927240497324927240497
Newham,University of East London,E16 2RD,London,The University of East London,0.0,1544722187.0,0.0,0.0,0.0,0.0,0.0,00,00,00,1136156511382834,00,0.0,00,00,1172150913016524,00,6893951224,0.0,00,0.0,0.0,0.0,52280005315000.0,00,2.15065000165267e+17,2316746024472769,0000,239474000181787000,119799.47119799.47,247961000191974000,49.0%47.0%49.0%47.0%,84386734118438673411
,The University of Edinburgh,,,The University of Edinburgh,0.0,0.0,0.0,0.0,0.0,0.0,0.0,2784038437455826,00,271398871304,119499826107810074,7252197469637382,0.0,7970775791,00,4825736354068814,142475399174727825,1199330114388,0.0,125674121299,0.0,0.0,0.0,4.4443500042257e+17,1140484612005067,6.19693000604322e+17,281200502282159945,100362358107093208100362358107093208,12275190001389038000,931987929082,13847280001297443000,28.0%30.3%28.0%30.3%,13250042356871325004235687
Essex,University of Essex,CO4 3SQ,East of England,The University of Essex,0.0,0.0,0.0,0.0,0.0,0.0,0.0,00,00,00,2055501320112671,00,0.0,00,00,3077824334833445,00,1051038554958,0.0,00,0.0,0.0,0.0,4889800039633000.0,00,2.12857000193214e+17,5238429455501074,0000,312308000326120000,286606.71285009.71,334057000284356000,41.2%37.0%41.2%37.0%,10510385549581051038554958
Devon,University of Exeter,EX4 4QJ,South West,The University of Exeter,0.0,0.0,0.0,0.0,0.0,0.0,0.0,823598.511823598.511,00,1236997.5991906063.312,30449158.23430657323.822,932295.475932295.475,0.0,00,00,30360220.41639666043.367,2215838.6832215838.683,773590.38580450.588,0.0,00,0.0,0.0,0.0,1.57404000134928e+17,00,3.76375000361228e+17,64575860.61574565775.075,2557285255728525572852557285,604052000685468000,304124.66284257.4,632916000586924000,49.1%41.1%49.1%41.1%,6863422.0273137735.5886863422.0273137735.588
,The University of Glasgow,,,The University of Glasgow,0.0,592800.0,0.0,0.0,0.0,0.0,0.0,13567253.659775396.487,00,235440337451.4,49552710.9353607768,13408921.169969355.312,0.0,00,00,66558477.8267912756.966,34598522.5925624215.484,68847.4921982.77,0.0,00,0.0,0.0,0.0,2.87182000256318e+17,00,5.30452000499465e+17,143450931.05141624710.935,26976174.819744751.79826976174.819744751.798,8314390001002724000,513238.62518509.12,952196000929358000,0.0%0.0%0.0%0.0%,128127.4921982.77128127.4921982.77
Greenwich,University of Greenwich,SE10 9LS,London,The University of Greenwich,12723771857450.0,438580822430.0,0.0,0.0,0.0,0.0,0.0,873277931650,00,00,1364274313633291,399100925800,0.0,00,00,1506412214630232,00,7479981982,0.0,00,0.0,0.0,0.0,2279100018065000.0,00,2.50682000230556e+17,3176499832882835,1272377185745012723771857450,296026000258006000,145764.41143065.78,307017000272201000,0.0%0.0%0.0%0.0%,74799336607479933660
Kirklees,University of Huddersfield,HD1 3DH,Yorkshire and the Humber,The University of Huddersfield,0.0,0.0,0.0,0.0,0.0,0.0,0.0,196578222738.9,110787748,00,1197079412096914,405091473320.1,0.0,00,00,1257248312734308.311,630568740488.368,14371789075,0.0,00,0.0,0.0,0.0,2708200021774000.0,00,1.49833000151422e+17,2529974125624104.311,601669696059601669696059,196378000192141000,125546.52127631.13,188918000182938000,0.0%0.0%0.0%0.0%,1437178907514371789075
"Kingston upon Hull, City of",University of Hull,HU6 7RX,Yorkshire and the Humber,The University of Hull,0.0,0.0,0.0,0.0,0.0,0.0,0.0,224886224886,00,5246.7615497.3,1612680115868723,359818359818,0.0,00,00,2201674824626624,665663665663,205529224502,0.0,00,0.0,0.0,0.0,2288900020478000.0,00,1.45354000142881e+17,38939028.7641320050.3,584704584704584704584704,207805000229647000,200774198044,208506000198150000,100.0%100.0%100.0%100.0%,205529224502205529224502
Kent,University of Kent,CT2 7NZ,South East,The University of Kent,0.0,0.0,0.0,0.0,0.0,0.0,0.0,00,4649.18119744.331,00,18358639.69718778113.333,00,0.0,00,00,35622755.72938248709.766,00,169430178093,0.0,00,0.0,0.0,0.0,34272000.0,00,171239000.0,54155474.60757224660.43,0000,326652000,255556.22256011.25,260378000,0.0%0.0%0.0%0.0%,169430178093169430178093
Lancashire,University of Lancaster,LA1 4YW,North West,The University of Lancaster,0.0,18357911721000.0,0.0,0.0,0.0,0.0,0.0,856617112603195,00,00,2027761818302312,57717147698000,0.0,00,00,4184989637112879,2124411837068221,88887158402,12027353193261.0,00,0.0,0.0,0.0,7569700072165000.0,00,2.20478000213347e+17,7959281280789049,14337885203011951433788520301195,345936000398906000,332733331228,381775000357886000,0.0%0.0%0.0%0.0%,3127413507266331274135072663
Leeds,University of Leeds,LS2 9JT,Yorkshire and the Humber,The University of Leeds,0.0,0.0,0.0,0.0,0.0,0.0,0.0,39003967.44834726195.784,00,167045.4296725.8,32710894.41240648506.576,15070296.97815352936.809,0.0,00,00,83077274.91891356671.202,118476809.0799613364.847,44641.6549737,0.0,00,0.0,0.0,0.0,2.42375000226021e+17,3274082.4053769461.031,5.56758000547023e+17,173348203.211186200234.202,54074264.42650079132.59354074264.42650079132.593,9124530001048952000,614739.644619659.761,985279000929535000,41.0%41.0%41.0%41.0%,44641.654973744641.6549737
Leicester,University of Leicester,LE1 7RH,East Midlands,The University of Leicester,0.0,834912657600.0,0.0,0.0,0.0,0.0,0.0,553473295095,2947522538,00,3297309534165143,860526306717,0.0,00,00,2357881724487219,1779416625537,128244100361,0.0,00,0.0,0.0,0.0,9169800083432000.0,2401224723989146,2.15215000205573e+17,8294426184523819,14139996018121413999601812,357984000399792000,378259.82323544.93,368999000340226000,14.0%13.0%14.0%13.0%,963156757961963156757961
Lincolnshire,University of Lincoln,LN6 7TS,East Midlands,The University of Lincoln,0.0,0.0,0.0,0.0,0.0,0.0,0.0,00,00,430116.2608131.67,1716318817641429.06,00,0.0,62637.1271501.15,00,1582312317066828.565,00,231333246173,0.0,00,0.0,0.0,0.0,2167200019051000.0,00,1.82657000157321e+17,33710397.3235634063.445,0000,234388000203623000,255849.026253506.909,240374000215181000,0.0%49.9%0.0%49.9%,231333246173231333246173
Liverpool,University of Liverpool,L69 7ZX,North West,The University of Liverpool,0.0,0.0,0.0,0.0,0.0,0.0,0.0,2644943250015833,00,62002.843351.2,4059302622937017,5420931173612806,0.0,00,00,7621161958415852,69017055130118385,70127012,0.0,00,0.0,0.0,0.0,1.60641000146602e+17,00,3.94481000358365e+17,197532402.8205031871.2,9035204650015833.19035204650015833.1,664837000756073000,498462498076,675158000614928000,20.6%8.8%20.6%8.8%,701222944029701222944029
,The University of Manchester,,,The University of Manchester,0.0,0.0,0.0,0.0,135741686.27,147275565.989,0.0,14300558.415557367.99,00,707295.6444701.8,90923556.926100289794.463,10146285.0932941798.953,0.0,00,00,00,51493546.90220259967.617,85066.8879377.41,0.0,00,0.0,0.0,0.0,3.6740800035163e+17,00,7.47805000693598e+17,251904449.179256588606.605,24446843.5038499166.94324446843.5038499166.943,12378760001316976000,889095.19997957.03,13446650001217127000,0.0%0.0%0.0%0.0%,85066.8879377.4185066.8879377.41
West Northamptonshire,University of Northampton,NN2 7AL,East Midlands,The University of Northampton,0.0,33591273359127.0,0.0,0.0,0.0,0.0,0.0,242264242264,00,00,81754618175461,340252.9340252.9,0.0,00,00,77853987785398,773302773302,2217422174,0.0,00,0.0,0.0,0.0,0.0,00,0.0,19924676.919924676.9,582517582517582517582517,0,98960133233,0,41.0%41.0%41.0%41.0%,3381301338130133813013381301
Oxfordshire,University of Oxford,OX1 2JD,South East,The University of Oxford,0.0,0.0,0.0,0.0,0.0,0.0,0.0,362705.553506926,00,660973.6572474.2,116630141.547114861913.27,568582794718,0.0,00,00,110247686106255508.99,11388501591792,312054316071.21,0.0,00,0.0,0.0,0.0,9.53242000865707e+17,00,5.69293000518568e+17,228782142.7223307611.67,931287.5531301644931287.5531301644,25811790002897326000,676125.098666881,29246820002775240000,100.0%100.0%100.0%100.0%,312054316071.21312054316071.21
Portsmouth,University of Portsmouth,PO1 2UP,South East,The University of Portsmouth,0.0,0.0,0.0,0.0,0.0,0.0,0.0,00,00,00,1793346317002286.5,00,0.0,00,00,1355578314731479.028,00,26021023.722,0.0,38192.7238192.719,0.0,0.0,0.0,2461800019677000.0,00,2.59098000254084e+17,31787648.7231771981.969,0000,314822000281814000,178587.14181160.85,312438000290521000,100.0%100.0%100.0%100.0%,26021043561.16426021043561.164
Wokingham,University of Reading,RG6 6UR,South East,The University of Reading,0.0,0.0,0.0,0.0,0.0,0.0,0.0,2812538.0022478244,00,00,15172820.18216523199,3723727.2772588508,0.0,00,00,19819539.4324218956,10298783.0888215145,696832740532,0.0,23783088130,0.0,0.0,0.0,5426300058140000.0,00,2.13806000201724e+17,44074131.99948130229,6536265.27961228446536265.2796122844,344997000406535000,204502.82207456.99,337802000316857000,100.0%100.0%100.0%100.0%,934662828662934662828662
Salford,University of Salford,M5 4WT,North West,The University of Salford,0.0,0.0,0.0,0.0,0.0,0.0,0.0,00,00,00,1618047314384227,00,0.0,00,00,1248650813101204,00,637709999,0.0,00,0.0,0.0,0.0,1305600011187000.0,00,2.29779000212836e+17,2873075127495430,0000,248488000264345000,154250154250,268381000247881000,0.0%0.0%0.0%0.0%,637709999637709999
Sheffield,University of Sheffield,S10 2TN,Yorkshire and the Humber,The University of Sheffield,0.0,0.0,0.0,0.0,0.0,0.0,0.0,1624676213030636,00,00,4928694246449925.92,1550810016271462,0.0,00,00,3407400734707261.12,4891597050746034.11,13127881149.87,965000.0,1e+061098013,0.0,0.0,0.0,2.53808000251805e+17,1790800018473000,4.53842000427393e+17,134237463131731800.88,31754862293020983175486229302098,794984000892989000,524719.68516433.63,886951000822397000,36.7%34.7%36.7%34.7%,1131278214416311312782144163
Southampton,University of Southampton,SO17 1BJ,South East,The University of Southampton,0.0,0.0,0.0,0.0,0.0,0.0,0.0,2279611023645720,635811.33972432,00,24769732.64722719980.889,1847596014742880,0.0,00,00,32145015.04635159526.787,60381465.69862130712.682,14958.34116208.3,0.0,00,0.0,0.0,0.0,1.77550000167403e+17,1506312.2631796171.152,3.98105000356447e+17,100343899.63698152919.128,41272070383886004127207038388600,644226000737823000,474677.559451840.325,730044000672831000,20.7%20.7%,14958.34114958.341
,The University of St. Andrews,,,The University of St. Andrews,0.0,1965002014358464.0,0.0,0.0,0.0,0.0,0.0,1549334561800,00,086950,2823738427953204,1570988449584,0.0,00,00,2953664542179850,51201441401150,525721313097,0.0,00,0.0,0.0,0.0,6707400071191000.0,00,1.73336000163703e+17,8107009285902949,3120322101138431203221011384,300532000338430000,286622.08285378.24,322445000313650000,100.0%100.0%100.0%100.0%,525721313917525721313917
,The University of Stirling,,,The University of Stirling,0.0,891208891208.0,0.0,0.0,0.0,0.0,0.0,97101928911057,00,6610271401.6,64438576312242,102743019613802,0.0,00,00,2068881820153078.75,2399051224526251.25,00,0.0,00,0.0,0.0,0.0,2700800027857000.0,00,1.09169000101977e+17,4863210246444311.35,19984493182360571998449318236057,151186000168652000,177543168930.079,169700000155255000,100.0%100.0%100.0%100.0%,00
,The University of Strathclyde,,,The University of Strathclyde,0.0,0.0,0.0,0.0,0.0,0.0,0.0,2494620022350600,00,305736295514,1880002218811729,2119940020176900,0.0,00,00,3431965843770405,6369037058434500,97919121884,0.0,00,0.0,0.0,0.0,1.43754000133894e+17,00,2.23633000208317e+17,99676155105555035,46145600425275004614560042527500,402174000520441000,372451358283,487362000387802000,100.0%100.0%100.0%100.0%,9791912188497919121884
Sunderland,University of Sunderland,SR1 3SD,North East,The University of Sunderland,0.0,0.0,0.0,0.0,0.0,0.0,0.0,00,00,00,1134767510887505,00,0.0,00,00,1062699610500135,00,31695095859,0.0,00,0.0,0.0,0.0,31270002653000.0,00,2.01602000184079e+17,2229162121483499,0000,230285000202079000,138192.23138162.52,227184000199855000,0,3169509585931695095859
Surrey,University of Surrey,GU2 7XH,South East,The University of Surrey,0.0,217280.0,0.0,0.0,0.0,0.0,0.0,00,00,3948044660,3160148731588050,00,0.0,12715711106,00,4171036643157776,00,45583024,0.0,00,0.0,0.0,0.0,6421300059854000.0,00,1.77334000180131e+17,7348304875021896,0000,323315000376912000,324152.57325713.95,316331000305319000,0.0%75.0%0.0%75.0%,45882203044588220304
Brighton and Hove,University of Sussex,BN1 9RH,South East,The University of Sussex,0.0,0.0,0.0,0.0,0.0,0.0,0.0,6176223.988727939,00,00,17484844.715669885.6,9814340.0211494338,0.0,00,00,31786995.4430486582,1599065420222277,670438.5756204.2,0.0,00,0.0,0.0,0.0,6508400054892000.0,00,2.39592000224583e+17,65932842.6467134948.8,6176223.9887279396176223.988727939,343489000377310000,306248.83314981.019,380169000346246000,100.0%100.0%100.0%100.0%,670438.5756204.2670438.5756204.2
,The University of the West of Scotland,,,The University of the West of Scotland,0.0,0.0,0.0,0.0,0.0,0.0,0.0,00,00,00,104003877183149,00,0.0,00,00,99462528613614.22,00,84258902,0.0,00,0.0,0.0,0.0,8406000.0,00,142307000.0,2035506415805665.22,0000,145161000,128867.17128140.71,155908000,0.0%0.0%0.0%0.0%,8245890282458902
Coventry,University of Warwick,CV4 8UW,West Midlands,The University of Warwick,0.0,0.0,0.0,0.0,0.0,0.0,0.0,35106507.136550140.629,00,00,32720544.8532343285.184,24979884.6833388288.249,0.0,38752.7535696.66,00,66570947.1165405886.761,99081006.51107579047.499,438057.16411531.48,0.0,00,0.0,0.0,0.0,1.88037000181148e+17,00,4.84285000457043e+17,159854693.65168134828.963,64889407.2874064469.72164889407.2874064469.721,731969000870111000,579302.64584629.88,839419000778958000,0.0%50.0%0.0%50.0%,941590710882.19941590710882.19
Ealing,University of West London,W5 5RF,London,The University of West London,0.0,0.0,0.0,0.0,0.0,0.0,0.0,00,00,00,7291699.577160050,00,0.0,00,00,1427640.172840422,00,111855113940,0.0,24780631790857,0.0,0.0,0.0,17780001446000.0,00,1.71838000148945e+17,11309257.7411905269,0000,186593000156365000,54658.354681.27,204603000172873000,0.0%0.0%0.0%0.0%,2589818190479725898181904797
Westminster,University of Westminster,W1B 2UW,London,The University of Westminster,0.0,0.0,0.0,0.0,0.0,0.0,0.0,00,00,00,1244788111905520,00,0.0,00,00,1916526821440341,00,00,0.0,00,0.0,0.0,0.0,123000009207000.0,00,2.17726000211054e+17,3161314933345861,0000,238205000225576000,155914.07163970.9,260420000243013000,100.0%100.0%100.0%100.0%,29995602999560
Hampshire,University of Winchester,SO22 4NR,South East,The University of Winchester,0.0,0.0,0.0,0.0,0.0,0.0,0.0,2323847781,00,00,53762384996148,4608977549,0.0,00,00,50770095651759,80116164536,212607158825,0.0,00,0.0,0.0,0.0,19820001315000.0,00,6806500071168000.0,1073518110932062,6932712533069327125330,8905500086200000,7779977807,8560000086295000,53.0%86.0%53.0%86.0%,216.209158825216.209158825
York,University of York,YO10 5DD,Yorkshire and the Humber,The University of York,0.0,1710192.0,0.0,0.0,0.0,0.0,0.0,21092639.29520670902.594,00,4240304474.4,1593143418288194.744,16491102.30114728366.528,0.0,00,00,46455928.25846785553.411,51563378.83349866872.245,1875919252.3,0.0,00,0.0,0.0,0.0,1.30084000106041e+17,00,2.82429000277937e+17,99994102.854102506935.977,37583741.59635399269.12237583741.59635399269.122,514634000556663000,385148.129384456.513,518675000472167000,0,187591898194.3187591898194.3
,Trinity Laban Conservatoire of Music and Dance,,,Trinity Laban Conservatoire of Music and Dance,0.0,0.0,0.0,0.0,0.0,0.0,0.0,00,00,00,1806160.611750558.89,00,0.0,00,00,23330962256199.3,00,00,0.0,00,0.0,0.0,0.0,430000412000.0,00,2091200020370000.0,4139256.614006758.19,0000,2902400030432000,18836.618836.6,2678700027749000,0.0%0.0%0.0%0.0%,0000
,Ulster University,,,Ulster University,0.0,0.0,0.0,0.0,0.0,0.0,0.0,00,00,62683.634558829,1636940714788192,00,0.0,00,00,2479147926671960,00,6147790751,22444012304098.0,00,0.0,0.0,0.0,5447600047543000.0,00,2.01995000191569e+17,44512448.6348428208,0000,268969000300474000,249544.82255763.09,281451000259474000,12.7%12.7%12.7%12.7%,2917503314373529175033143735
Birmingham,University College Birmingham,B3 1JB,West Midlands,University College Birmingham,0.0,0.0,0.0,0.0,33.84,0.0,0.0,0,0,0,7918911,0,0.0,0,0,7075857,0,0,0.0,0,0.0,0.0,0.0,0.0,0,64991000.0,14994801.84,00,70132000,80524.5,73160000,0,88472.688472.6
Camden,University College London,WC1E 6BT,London,University College London,0.0,0.0,0.0,0.0,0.0,0.0,0.0,24429615009888,514384.93751545.304,00,118958437.481114667169.49,1112412.6422975500,0.0,00,18601.05777720.534,110521753.599105810268.165,8154042.37517177106,465921122250,0.0,00,0.0,0.0,0.0,6.93422000684139e+17,8829465.7454778982.4,9.81988000841195e+17,242863937.454234193323.893,0798538807985388,17520460001988345000,694356.07677158.77,19683440001751779000,47.6%44.3%47.6%44.3%,465921122250465921122250
Surrey,University for the Creative Arts,GU9 7DS,South East,University for the Creative Arts,0.0,0.0,0.0,0.0,0.0,0.0,0.0,00,00,00,69722926986119.78,00,0.0,00,00,76853479421949,00,4100040000,0.0,00,0.0,0.0,0.0,2169000591000.0,00,1.0772400087064e+16,1469863916448068.78,0000,12504400097439000,91760.5686458.819,12318900099973000,0.0%0.0%0.0%0.0%,1387000138600013870001386000
Luton,University of Bedfordshire,LU1 3JU,East of England,University of Bedfordshire,0.0,0.0,0.0,0.0,0.0,0.0,0.0,306117155113,00,00,66251657028578,607444309001,0.0,00,00,56290709161968,601209313331,134094132583,0.0,00,0.0,0.0,0.0,52430006015000.0,00,1.35027000128509e+17,1330189016787243,913561464114913561464114,144786000139543000,9545296833,153148000145831000,100.0%100.0%100.0%100.0%,134094132583134094132583
Cheshire West and Chester,University of Chester,CH1 4BJ,North West,University of Chester,0.0,0.0,0.0,0.0,161215200.0,19994857.0,0.0,00,00,00,15877631.1516572604,00,0.0,00,00,00,00,188869.1331354,0.0,00,0.0,0.0,0.0,0.0,1261935613504494,0.0,44807376.2550403309,0000,0,205199.36200992.43,0,13.4%13.4%13.4%13.4%,188869.1331354188869.1331354
Manchester,University of Manchester,M13 9PL,North West,University of Chester,0.0,0.0,0.0,0.0,161215200.0,19994857.0,0.0,00,00,00,15877631.1516572604,00,0.0,00,00,00,00,188869.1331354,0.0,00,0.0,0.0,0.0,0.0,1261935613504494,0.0,44807376.2550403309,0000,0,205199.36200992.43,0,13.4%13.4%13.4%13.4%,188869.1331354188869.1331354
West Sussex,University of Chichester,PO19 6PE,South East,University of Chester,0.0,0.0,0.0,0.0,161215200.0,19994857.0,0.0,00,00,00,15877631.1516572604,00,0.0,00,00,00,00,188869.1331354,0.0,00,0.0,0.0,0.0,0.0,1261935613504494,0.0,44807376.2550403309,0000,0,205199.36200992.43,0,13.4%13.4%13.4%13.4%,188869.1331354188869.1331354
Cumberland,University of Cumbria,CA3 8TB,North West,University of Cumbria,0.0,0.0,0.0,0.0,0.0,0.0,0.0,00,00,00,3601402.33627037,00,0.0,00,00,9847005.27110206488.5,00,00,0.0,00,0.0,0.0,0.0,14800001134000.0,00,6408000061299000.0,13448407.57113833525.5,0000,7392800069997000,68982.8765470.89,7364800070324000,0.0%0.0%0.0%0.0%,0000
Derby,University of Derby,DE22 1GB,East Midlands,University of Derby,0.0,0.0,0.0,0.0,0.0,0.0,0.0,855519729560,00,00,1386750611248133,13331841136898,0.0,00,00,1821187812227577,23847592033649,11299668167,0.0,00,0.0,0.0,0.0,48600003138000.0,00,1.74361000164498e+17,3438108325410335,855519729560855519729560,212698000217426000,157188.51160875.04,209652000197913000,0.0%39.3%0.0%39.3%,11299648770.8211299648770.82
County Durham,University of Durham,DH1 3HP,North East,University of Durham,0.0,0.0,0.0,0.0,0.0,0.0,0.0,8528021007191,00,672231156.15,3861785839023425,12792031510786,0.0,00,00,6593620066571034,25063263357303,233004260995,0.0,11543194325,0.0,0.0,0.0,8910400079006000.0,00,3.05078000287378e+17,107041220108498912.15,2132005251797721320052517977,489132000532686000,408005.57421646.642,484223000468543000,0.0%24.0%0.0%24.0%,348435355320348435355320
Gloucestershire,University of Gloucestershire,GL50 2RH,South West,University of Gloucestershire,0.0,0.0,0.0,0.0,0.0,0.0,0.0,00,00,00,44667944630721,00,0.0,00,00,48924386647501,00,00,0.0,00,0.0,0.0,0.0,40580003552000.0,00,7146000066897000.0,935923211278222,0000,8905400088412000,91966.94493455.024,8823400080992000,52.3%42.7%52.3%42.7%,0000
Hertfordshire,University of Hertfordshire,AL10 9AB,East of England,University of Hertfordshire,0.0,0.0,0.0,0.0,0.0,0.0,0.0,00,00,00,24745342.925223921,00,0.0,171540.9145114,00,2115512624604427,00,280500280500,0.0,00,0.0,0.0,0.0,1936400014959000.0,00,2.83592000254639e+17,46352509.850253962,0000,364064000332330000,192641193272,383998000339471000,0.0%0.0%0.0%0.0%,280500280500280500280500
,University of London (Institutes and activities),,,University of London (Institutes and activities),0.0,0.0,0.0,0.0,0.0,0.0,0.0,343474376878,00,00,1121814711164960,27081722833572,0.0,00,00,51994257144770,00,6805686584,0.0,00,0.0,0.0,0.0,20040001769000.0,00,9609700095649000.0,1953727421606764,0,184524000207952000,208019214444,196019000182657000,0,0
Newcastle upon Tyne,University of Northumbria At Newcastle,NE1 8ST,North East,University of Northumbria at Newcastle,0.0,0.0,0.0,0.0,0.0,0.0,0.0,349954575522,00,00,1961571220025433,563427921048,0.0,00,00,2125306623693982,11325391852391,286646286220,0.0,00,0.0,0.0,0.0,3707800027994000.0,28823232882323,3.01218000269963e+17,4495112848384528,91338114965709133811496570,369395000329055000,244175243149,382103000329456000,47.0%44.0%47.0%44.0%,286646286220286646286220
Nottinghamshire,University of Nottingham,NG7 2RD,East Midlands,University of Nottingham,716831275960.0,1614781059.0,0.0,0.0,0.0,0.0,0.0,12279331561621,00,278908283372,7070194670104945,15705001514579,0.0,00,00,8446037382979398,352078011525122,382986406669,0.0,113276223043,0.0,0.0,0.0,1.91499000186115e+17,2022204917872059,4.92164000487497e+17,179045801176302705,2581823282502125818232825021,776278000925347000,717601.13689839.979,822840000801866000,0.0%0.0%0.0%0.0%,58409219867315840921986731
Plymouth,Arts University Plymouth,PL4 8AT,South West,University of Plymouth,11102430.0,0.0,0.0,0.0,0.0,0.0,0.0,15689811106382,2274117336,00,1229869112303287,20788161438106,0.0,00,00,90377699696901,49830183884760,6013755396,0.0,3564936310,0.0,0.0,0.0,3176100031100000.0,00,1.84442000172189e+17,2621302724653718,3647797254448836477972544488,251893000247345000,185845.8187076,265324000247093000,42.4%47.5%42.4%47.5%,95786917059578691705
Plymouth,University of Plymouth,PL4 8AA,South West,University of Plymouth,11102430.0,0.0,0.0,0.0,0.0,0.0,0.0,15689811106382,2274117336,00,1229869112303287,20788161438106,0.0,00,00,90377699696901,49830183884760,6013755396,0.0,3564936310,0.0,0.0,0.0,3176100031100000.0,00,1.84442000172189e+17,2621302724653718,3647797254448836477972544488,251893000247345000,185845.8187076,265324000247093000,42.4%47.5%42.4%47.5%,95786917059578691705
,University of South Wales,,,University of South Wales,17007.38,1003200289027.0,0.0,0.0,0.0,0.0,0.0,00,038594,00,13257670.8113447869.84,00,0.0,00,00,14159610.116033329.41,00,431903107039,0.0,00,0.0,0.0,0.0,1212800012473000.0,00,1.89339000183064e+17,28852383.9129932866.63,0000,227265000216056000,180587.05184072.54,233031000218934000,48.0%46.0%48.0%46.0%,143510346549143510346549
,University of St Mark and St John,,,University of St Mark and St John,0.0,0.0,0.0,0.0,0.0,0.0,0.0,00,00,00,21944582187984,00,0.0,00,00,30345483747041,00,170520186520,0.0,00,0.0,0.0,0.0,301000110000.0,00,2207700022206000.0,53995266121545,0000,3203700033119000,3498834988,2958000032071000,100.0%100.0%100.0%100.0%,327890337510327890337510
Suffolk,University of Suffolk,IP4 1QJ,East of England,University of Suffolk,0.0,0.0,0.0,0.0,0.0,0.0,0.0,00,00,00,30112742780604.94,00,0.0,00,00,7630341109154.74,00,5009141293,0.0,00,0.0,0.0,0.0,18180001183000.0,00,1.26978000127721e+17,38243993931052.68,0000,128496000131920000,31496.831496.8,144399000135223000,71.2%22.5%71.2%22.5%,50091412935009141293
Camden,University of the Arts London,WC1V 7EY,London,"University of the Arts, London",0.0,0.0,0.0,0.0,0.0,0.0,0.0,55249.9173435.953,00,10244281166397,13892984.3913397532.09,118888.262158021.483,0.0,00,00,14840317.80913472781.736,183554.519243973.264,56600.56929192.814,0.0,00,0.0,0.0,0.0,85340007184000.0,00,3.62383000340437e+17,29988468.9428297361.076,174138.172231457.436174138.172231457.436,409597000367402000,197065.084184613.56,425378000384907000,36.2%100.0%36.2%100.0%,2360480.5692333072.8142360480.5692333072.814
South Gloucestershire,"University of the West of England, Bristol",BS16 1QY,South West,"University of the West of England, Bristol",0.0,0.0,0.0,0.0,0.0,0.0,0.0,35631753723127,00,00,2656333126577727,52451605512720,0.0,00,00,2367697823410952,1102090611623268,444312458329.27,0.0,00,0.0,0.0,0.0,2346500023899000.0,00,2.99764000298013e+17,5949295659682855.27,8808335923584788083359235847,378856000368793000,308832.62308304.27,383410000377595000,24.7%43.0%24.7%43.0%,444312458329.27444312458329.27
,University of Wales Trinity Saint David,,,University of Wales Trinity Saint David,0.0,0.0,0.0,0.0,0.0,0.0,0.0,041.2,00,00,6829068.456159300.33,051.5,0.0,00,00,1164264112932316.43,045.45,9026592313,0.0,00,0.0,0.0,0.0,64990001183000.0,00,1.49157000155041e+17,18561974.4519184022.46,01030103,194045000197185000,146762.21143458.985,183116000180870000,0.0%100.0%0.0%100.0%,90265923139026592313
Worcestershire,University of Worcester,WR2 6AJ,West Midlands,University of Worcester,0.0,0.0,0.0,0.0,76831670.0,9930250.0,0.0,00,00,00,44235404630723,00,0.0,1849353836,00,00,00,375276140612,0.0,4965322765,0.0,0.0,0.0,24140001765000.0,00,7812200079481000.0,1255012914778186,07350735,9930100096399000,87405.1287697.98,9609300092183000,100.0%100.0%100.0%100.0%,424929163377424929163377
,Wrexham University,,,Wrexham University,0.0,0.0,0.0,0.0,0.0,0.0,0.0,00,00,00,42301194036452,00,0.0,00,00,66145206371401,00,86998.70,0.0,00,0.0,0.0,0.0,18020002850000.0,00,4159400038630000.0,10931637.710407853,0000,5311800048969000,5859358593,5089900047206000,38.6%38.8%38.6%38.8%,86998.78368386998.783683
York,York St John University,YO31 7EX,Yorkshire and the Humber,York St John University,0.0,0.0,0.0,0.0,0.0,0.0,0.0,00,00,00,48988284947870,00,0.0,00,00,30414193225354,00,370322308.79,0.0,00,0.0,0.0,0.0,22110001076000.0,00,7670800067754000.0,83105698173532.79,0000,9194400079822000,73347.07571057.945,8855200077953000,0,0
Leeds,Leeds College of Music,LS2 7PD,Yorkshire and the Humber,,,,,,,,,,,,,,,,,,,,,,,,,,,,,,,,,,
Birmingham,"Newman University, Birmingham",B32 3NT,West Midlands,,,,,,,,,,,,,,,,,,,,,,,,,,,,,,,,,,
Bolton,University of Bolton,BL3 5AB,North West,,,,,,,,,,,,,,,,,,,,,,,,,,,,,,,,,,
Greenwich,Ravensbourne,SE10 0EW,London,,,,,,,,,,,,,,,,,,,,,,,,,,,,,,,,,,
Essex,Writtle University College,CM1 3RR,East of England,,,,,,,,,,,,,,,,,,,,,,,,,,,,,,,,,,
Bexley,Rose Bruford College,DA15 9DF,London,,,,,,,,,,,,,,,,,,,,,,,,,,,,,,,,,,
Islington,City University,EC1V 0HB,London,,,,,,,,,,,,,,,,,,,,,,,,,,,,,,,,,,
Gloucestershire,Royal Agricultural University,GL7 6JS,South West,,,,,,,,,,,,,,,,,,,,,,,,,,,,,,,,,,
Manchester,Royal Northern College of Music,M13 9RD,North West,,,,,,,,,,,,,,,,,,,,,,,,,,,,,,,,,,
Newcastle upon Tyne,University of Newcastle Upon Tyne,NE1 7RU,North East,,,,,,,,,,,,,,,,,,,,,,,,,,,,,,,,,,
Camden,The Royal Veterinary College,NW1 0TU,London,,,,,,,,,,,,,,,,,,,,,,,,,,,,,,,,,,
Westminster,London Business School,NW1 4SA,London,,,,,,,,,,,,,,,,,,,,,,,,,,,,,,,,,,
Westminster,Royal Academy of Music,NW1 5HT,London,,,,,,,,,,,,,,,,,,,,,,,,,,,,,,,,,,
Plymouth,College of St Mark & St John,PL6 8BH,South West,,,,,,,,,,,,,,,,,,,,,,,,,,,,,,,,,,
Greenwich,Trinity Laban,SE8 3DZ,London,,,,,,,,,,,,,,,,,,,,,,,,,,,,,,,,,,
Lewisham,"Goldsmiths College, University of London",SE14 6NW,London,,,,,,,,,,,,,,,,,,,,,,,,,,,,,,,,,,
Southampton,Southampton Solent University,SO14 0YN,South East,,,,,,,,,,,,,,,,,,,,,,,,,,,,,,,,,,
Wandsworth,Roehampton University,SW15 5PJ,London,,,,,,,,,,,,,,,,,,,,,,,,,,,,,,,,,,
Wandsworth,St George's Hospital Medical School,SW17 0RE,London,,,,,,,,,,,,,,,,,,,,,,,,,,,,,,,,,,
Telford and Wrekin,Harper Adams University,TF10 8NB,West Midlands,,,,,,,,,,,,,,,,,,,,,,,,,,,,,,,,,,
Hillingdon,Brunel University,UB8 3PH,London,,,,,,,,,,,,,,,,,,,,,,,,,,,,,,,,,,
Camden,School of Oriental and African Studies,WC1H 0XG,London,,,,,,,,,,,,,,,,,,,,,,,,,,,,,,,,,,
Wolverhampton,University of Wolverhampton,WV1 1LY,West Midlands,,,,,,,,,,,,,,,,,,,,,,,,,,,,,,,,,,
Tower Hamlets,Courtauld Institute of Art,WC2R 0RN,London,,,,,,,,,,,,,,,,,,,,,,,,,,,,,,,,,,
Liverpool,Liverpool Institute of Performing Arts,L1 9HF,North West,,,,,,,,,,,,,,,,,,,,,,,,,,,,,,,,,,
Buckinghamshire,University of Buckingham,MK18 1EG,South East,,,,,,,,,,,,,,,,,,,,,,,,,,,,,,,,,,
