HE Provider,Biofuels (kWh),Biomass (kWh),Burning oil (kWH),Carbon allowance (tonnes CO2e),Carbon allowance bought or sold (tonnes CO2e),Coal (industrial) (kWh),Compressed natural gas (kWh),Cost (£),Electricity consumed from onsite CHP (kWh),Environmental reporting total,Fuel oil (kWh),Gas oil (kWh),Grid electricity (kWh),Heat consumed from onsite CHP (kWh),Liquefied natural gas (kWh),Liquefied petroleum gas (kWh),Lubricants (kWh),Natural gas excluding that used as input for a CHP unit (kWh),Natural gas used as input for a CHP unit (kWh),Non-residential (m2),Non-residential category A (m2),Non-residential category B (m2),Non-residential category C (m2),Non-residential category D (m2),Non-residential category E (m2),Non-residential category F (m2),Non-residential category G (m2),Non-residential energy consumption total (kWh),Non-residential income total (£),Onsite photovoltaic (kWh),Onsite wind (kWh),Other non-residential income (£),Other onsite renewables (kWh),Other petroleum gas (kWh),Participation,Petroleum coke (kWh),Research income (£),Residential (m2),Residential category A (m2),Residential category B (m2),Residential category C (m2),Residential category D (m2),Residential category E (m2),Residential category F (m2),Residential category G (m2),Residential energy consumption total (kWh),Steam and hot water (kWh),Teaching income (£),Total energy consumption (kWh),Total energy generated onsite by CHP (kWh),Total expenditure (£),Total gross internal area (m2),Total income (£),Total percentage of renewable energy purchased through green tariffs (%),Total renewable energy generated onsite or offsite (kWh),where the ROCs are retained or not claimed (%),where the ROCs are sold (%)
Abertay University,00,00,00,0,0,00,00,0,00,NoNo,00,00,25273422605434,00,00,00,00,53716066007717,00,3900438986,0,0,0,0,0,0,0,78989487338718,4092800037263000,00,00,41770001864000,00,00,0,00,40400004154000,08798,0,0,0,0,0,0,0,01274433,00,3271100031245000,78989488613151,0000,3971100038557000,3900447784,4092800038177000,0,00,0.0%0.0%,0.0%0.0%
Aberystwyth University,00,720005060.25,111800.725076.73,0,0,00,00,0,00,YesYes,00,1643112.241350232.8,15609384.6217459610.95,00,00,174380.453339.22,00,1890814123453370,00,168947.23168947.23,00,1702517025,4126441264,1661216612,39443944,00,14691469,28864440.4531392683.71,1.21e+08112486000,135816328301,00,2310400021695000,00,00,0,00,3213000027518000,91176.291176.2,1148411484,2900829008,1556615566,20792079,00,00,00,9012541.5110982307.24,00,6576600063273000,37876981.9642374990.95,667900667900,129866000150725000,260123.43260123.43,132771000123523000,100.0%0.4%100.0%0.4%,302316333361.25302316333361.25,100.0%100.0%,0.0%0.0%
Anglia Ruskin University,00,00,00,0,0,00,00,0,3250451670124,YesYes,00,00,12594009.6211018164.803,4154702079077,00,00,00,9570544.9039843614.563,1023058.525113592.04,106374.6106565.1,00,4804.833780.85,31878.3646875.17,37602.1926965.6,18277.3411383.02,381.9411642.29,00,18176769.72819356999.076,327172000310569000,58048.57742099.215,00,123480007478000,00,00,0,00,117180008764000,24718.6424718.64,00,00,5427.2853434.245,4846.0376839.077,00,00,00,4786348.3725296080.505,00,303106000294327000,22963118.124653079.581,74051537492017405153749201,328861000316847000,131093.24131283.74,335300000317866000,8.0%8.0%8.0%8.0%,116097.15484198.431116097.15484198.431,0.0%0.0%,0.0%0.0%
Aston University,00,00,00,0,0,00,00,0,00,YesYes,1284.6680,00,13204266.66911679604,00,00,00,00,35912204303950,00,112595105735,02513.161,5588.518046.949,13405.37885174.889,72185.7870,2475.9760,6894.8540,6371.0190,27930948.01327496013.1,214051000195387000,10503941155.1,00,120150009406000,00,00,0,00,2933400026314000,00,00,00,00,00,00,00,00,00,11029137.67611471304,172702000159667000,27930948.01327496013.1,0000,208539000222151000,112595105735,220959000200789000,9.9%17.0%9.9%17.0%,10503941155.110503941155.1,0.0%0.0%,0.0%0.0%
Bangor University,00,00,506383.2521763.8,0,0,00,00,0,688235977.9,YesYes,00,00,13926480.4514123542.762,1530386487,00,95112.854417.1,00,17939533.3919880836.18,25211139165,162691.94162691.94,1879.771879.765,28467.7825949.527,24486.4442375.194,40527.4735219.271,8647.45516.5,00,2118.612118.608,25294125.6827496145.002,164749000151485000,110337.6473574.06,00,1851100016426000,00,00,0,00,4339300040739000,71410.25571410.255,13947517.7,32063.6236687.223,36617.425870.102,649.35649.347,00,00,00,7305906.87280453.8,00,10284500094320000,32600032.4834776598.802,22185122464.922185122464.9,172291000200296000,234102.195234102.195,178022000163249000,0.0%27.0%0.0%27.0%,110337.6473574.06110337.6473574.06,0,0
Bath Spa University,00,11069022387800,00,0,0,00,00,0,00,YesYes,00,00,46737275111832,00,00,00,00,62479214939898,00,52244.1552594.348,20964422,1241210273,1888819211,44833293,9871569,312312,7840,8666211.0276880241.5,13948000089985000,7000070000,00,68750005670000,00,00,0,00,37190003124000,2061333915.27,1107711077,417015416,1070924,20431119,00,00,00,3432338.9745629288.5,00,12888600081191000,1209855012509530,0000,144600000103154000,72857.1586509.618,14576000098792000,48.1%60.2%48.1%60.2%,1179902240392511799022403925,0.0%0.0%,0.0%0.0%
Birkbeck College,00,00,00,0,0,00,00,0,00,YesYes,00,00,6663997.26717981,415270202395,00,00,00,45482274105232,00,4780444979,00,125181781,56232982,46550,06968,160682057,564521713,11627494.211025608,109555000107959000,00,00,1242100010754000,00,00,0,00,2177400020404000,00,00,00,00,00,00,00,00,00,00,7536000076801000,11627494.211025608,415270202395415270202395,108152000131731000,4780444979,110284000108248000,100.0%100.0%100.0%100.0%,0000,0.0%0.0%,0.0%0.0%
Birmingham City University,00,602865122514,00,0,0,00,00,0,234246234246,YesYes,00,0127002,1727012817934758,381745381745,00,00,00,1742533020569730,766741766741,157747161344,00,612718345,8039736214,3741451999,370123949,00,00,3599086037320287,311319000283657000,7654680322,00,1897200015168000,00,00,0,00,79240007342000,021397,00,019113,00,00,00,00,00,02130030,00,284423000261147000,3599086039450317,615991615991615991615991,297555000284427000,157747182741,316832000288486000,0.0%90.0%0.0%90.0%,76546803227654680322,0.0%0.0%,0.0%0.0%
Bishop Grosseteste University,00,00,00,0,0,00,00,0,00,NoNo,00,00,13180791402229.38,00,00,00,00,2561553.712750274,00,16030.7116030.71,18601860,2211.42211.4,7313.97313.9,24202420,12301230,00,00,2203432.153062682.58,1973000020213000,00,00,22520001705000,00,00,0,00,269000417000,9898.6649898.664,00,3912.63912.6,00,4226.94226.9,00,00,00,1676200.551089820.8,00,1720900018091000,3879632.714152503.38,0000,2405100026919000,25929.37425929.374,2124800021833000,49.5%49.5%49.5%49.5%,1177810279.11177810279.1,0,0
Bournemouth University,00,676000350400,00,0,0,00,00,0,00,YesYes,00,00,81948578933214,00,00,00,00,68130917348918,00,8882288806,00,17147.7720933.67,34383.6360573.95,35284.064740.27,00,00,00,15295112.31216789691,177299000162641000,603719.812561393,00,91330006476000,363188964499,00,0,00,128350008954000,64116411,00,64116411,00,00,00,00,00,1355743.51368733,00,155331000147211000,16650855.81218158424,0000,180419000176504000,9523395217,184601000169674000,100.0%100.0%100.0%100.0%,1776507.81219333921776507.8121933392,0.0%0.0%,0.0%0.0%
Brunel University London,00,00,00,0,0,00,00,0,00,YesYes,00,00,2239943221944248.8,00,00,00,00,2777435129350388,00,139506.565132956.404,00,31427942,2048918670.86,2987839476,3575426078.5,31758725,2304114316,29142844.1428956533.887,239605000235076000,7100070000,15001480,2273500021495000,00,00,0,00,3087800035112000,115385.799113902,00,872737890.78,9764075550.81,7075330,0130,00,00,21103438.8622409582.913,00,185992000178469000,5024628351366116.8,0000,278195000312002000,254892.364246858.404,282373000271349000,9.4%9.2%9.4%9.2%,4715000471650047150004716500,0.0%0.0%,0.0%0.0%
Buckinghamshire New University,00,00,00,0,0,00,00,0,00,YesYes,5300026800,00,62181555148249,00,00,00,00,67361137170574,00,49764.8749764.87,00,00,1613516135,3191031910.83,00,00,14891489.56,86741378331567,182910000162560000,126989126881,00,60290003818000,00,00,0,00,617000645000,20690.5220690.52,00,00,18088.7518088.75,2352.662352.66,00,00,00,44601204140937,00,176264000158097000,1313425712472504,0000,180806000161466000,70455.3970455.39,188847000169010000,14.2%14.2%,126989126881126989126881,0.0%0.0%,0.0%0.0%
Canterbury Christ Church University,00,00,00,0,0,00,00,0,00,NoYes,00,00,8335496.8510238627.22,00,00,7906.7160,00,12159327.811439129.37,00,95894.212104838,00,3938.472907.56,36433.88348200.7,34469.6825520.79,6147.420,00,571.21571.21,16015483.35617115323.28,255553000178061000,3923223174.01,00,1171200010714000,00,00,0,00,53870004629000,30845.332366,00,18595.4617534.86,250.02250.02,8897.796890.98,2285.41600.41,00,00,4526480.014585607.32,00,238454000162718000,20541963.36621700930.6,0000,260420000191206000,126739.512137204,263808000185834000,40.6%0.5%40.6%0.5%,83747288374728,0.1%0.1%,0.0%0.0%
Cardiff Metropolitan University,00,00,00,0,0,00,00,0,00,YesYes,00,00,60279695192777,00,00,00,00,99153589585262,00,7897778977,15162.715162.7,28179.6428179.64,3434034340,00,00,00,00,1177405810517811,145767000130867000,3732036119,00,1490600013136000,00,00,0,00,70740005453000,1806418064,00,00,00,00,00,00,00,42065894296347,00,123787000112278000,1598064714814158,0000,147638000137885000,9704197041,153234000137176000,37.6%54.0%37.6%54.0%,37120361193712036119,0.0%0.0%,0.0%0.0%
Cardiff University,00,00,00,0,0,00,00,0,00,YesYes,00,00,5132665051267886.237,00,00,00,00,71423014.8578046198.576,00,428736428736,0,0,0,0,0,0,0,97298290.356102382349.547,606698000606379000,283826.006283826.006,00,7225800058549000,00,00,0,00,194680000183998000,116842116842,0,0,0,0,0,0,0,25864102.527215561.272,1289020,339760000363832000,123162392.856129597910.819,0000,611469000725313000,545578545578,636381000634167000,100.0%100.0%100.0%100.0%,283826.006283826.006283826.006283826.006,0.0%0.0%,0.0%0.0%
"City, University of London",00,00,00,0,0,00,00,0,54185824576559.34,YesYes,00,00,1277015413499749,28848992592385.732,00,00,00,1165495214717482,36805124647626,125676.51124175.57,00,79260,17336184,766345524,1372721391,6778216319,64540,3279483535386176.072,275066000261235000,662480,00,1545400016463000,00,00,0,00,2626500024417000,00,00,00,00,00,00,00,00,00,00,233347000220355000,3279483535386176.072,8303481716894583034817168945,272199000328182000,125676.51124175.57,276726000262148000,100.0%100.0%100.0%100.0%,6624866248,0.0%0.0%,0.0%
Coventry University,00,490800268512,00,0,0,00,00,0,52911882209090,YesYes,00,00,1718523120107490,68000043036820,00,270573292470.9,00,27988335.0635096210.96,160013014277586,215634.818212315.573,546546,1300413631,2476424064,57134115896,7946236965,03857,13020,46867703.0650559700.23,4771230000,4428257137,00,261990000,00,00,0,00,257850000,79297.91979961.257,94508334,6259162589,66166616,00,00,00,00,1120271010508030.61,00,425139000,58070413.0661067730.86,120911925245910120911925245910,4972510000,294932.737292276.83,491296000,29.6%33.9%29.6%33.9%,535082325649535082325649,0.0%0.0%,0.0%0.0%
Cranfield University,00,16369002389428,1429928363.139,0,0,00,00,0,6904220.1556877929.896,YesYes,00,463490641815.399,1334544612186252,39811554632027,01893.34,00,00,15641033.34618811870.459,19174296.65419023882.541,119078.714119076.2,54420,1470823011.69,2044536403.895,1758516583.26,708711338.3,1536410577.86,310216079.86,31688930.51134553820.878,201953000186056000,1385760.943955432.051,00,4008600032452000,3000030000,00,0,00,5562400052736000,73983.273983.2,00,10911152.14,2622416935.3,06761.42,00,00,00,11713373.92312001190.406,00,106243000100868000,43402304.44446555011.284,10885375.1511509956.89610885375.1511509956.896,223938000244147000,193061.914193059.4,220286000200313000,0.0%0.0%0.0%0.0%,3052660.9433374860.0513052660.9433374860.051,100.0%100.0%,0.0%0.0%
De Montfort University,00,00,00,0,0,00,00,0,00,YesYes,00,00,1257931314670608,00,00,00,00,1484821417951728,00,168279.23169086.44,2060.36747,44857.966702,111709.467737.5,7443.1332300.23,860.59861,00,00,2630168931471149,263010000240491000,216990197812,00,167830009149000,77817752,00,0,00,112160008448000,12610.1812610.18,00,00,5529.8910364,4833.530,00,00,00,13506091356751,00,235011000222894000,2765229832827900,0000,243533000251471000,180889.41181696.62,266325000243020000,0.0%32.1%0.0%32.1%,224771205564224771205564,0.8%0.6%,0.0%0.0%
Edge Hill University,0,0,0,0,0,0,0,0,637446,Yes,0,0,9132871,1263857,0,0,0,11686820,2196562,85287.88,0,4163,74630,2038,0,0,0,13648394,130981000,26329.68,0,11704000,0,0,0,0,5235000,48610.16,0,3512,42444,0,0,0,0,9098929,0,114042000,22747323.68,19013031901303,138226000,133898.04,143879000,40.0%40.0%,26329.6826329.68,0,0
Edinburgh Napier University,00,00,00,0,0,00,00,0,00,YesYes,00,00,67442176227524,00,00,00,00,1046581510165963,00,73636.39873636.398,00,145.2126530,66260.1439729.6,2352.832352.833,00,612612,01087.38,1335486612503828,157166000139825000,2600027528,00,93140008350000,00,00,0,00,92800007399000,3782037820,00,2540625406,00,63416341,00,00,00,38811663917187,00,138572000124076000,1723603216421015,0000,161330000155018000,111456.398111456.398,168844000148309000,39.2%38.0%39.2%38.0%,26000275282600027528,0.0%0.0%,0.0%0.0%
Falmouth University,00,00,40882.518112.5,0,0,00,00,0,00,YesYes,00,00,5533539.95837055.1,00,00,00,00,71474318098840,00,45647.94945557.953,00,01034,8572.4046835,25185.24627389,1220.41825,00,01958,8804630.2911532312.1,7315100062632000,11016655000,00,71370006067000,00,00,0,00,2286000955000,34929.93819489.724,00,00,00,1883918840,00,00,00,4027389.112476695.5,00,6372800055610000,12832019.414009007.6,0000,7363000068020000,80577.88765047.677,7390300063105000,0.0%0.0%0.0%0.0%,1653325500016533255000,0.0%,0.0%
Glasgow Caledonian University,00,00,00,0,0,00,00,0,43090993914800,YesYes,00,00,53879435192067,0,00,00,00,1287743713130808,123862709469419,91019.8488827.8,0,0,0,0,0,0,0,1983699619825113,174558000148160000,00,00,73720006679000,00,00,0,00,1266200011646000,13869.1213863.59,0,0,0,0,0,0,0,24946732412562,00,154524000129835000,2233166922237675,4309099391480043090993914800,178881000154249000,104888.96102691.39,179350000152233000,17.0%16.2%17.0%16.2%,0000,0.0%0.0%,0.0%0.0%
Glasgow School of Art,00,00,00,0,0,00,00,0,00,NoNo,00,00,28737492803877,00,06960531,00,00,61637000,00,5444755498,00,00,1513015130,66026602,1414714147,00,00,77105998605606,4488500042574000,00,00,63850006729000,00,00,0,00,36010003058000,1106111320,00,00,00,75988707,10760,00,23872613,13268501158802,00,3489900032787000,90374499764408,0000,4472700043723000,6550866818,4711000044335000,0,0000,0.0%0.0%,0.0%0.0%
Goldsmiths College,00,00,00,0,0,00,00,0,00,No,00,00,45908164899078,00,00,00,00,83041428434913,00,71922.6671922.66,00,292140,187000,91990,00,00,00,11770009.72212078007.41,132266000129001000,108275.58114531.75,00,81440009428000,00,00,0,00,1231000010532000,78587858.65,00,00,78580,00,00,00,00,1307778.8581429260,7455558744.66,111812000109041000,13077788.5813507267.41,0000,133226000170081000,79780.6679781.31,141526000137440000,35.0%35.0%,4699091.5804699091.580,0.0%,0.0%
Guildhall School of Music and Drama,00,00,00,0,0,00,00,0,00,YesYes,00,00,3277825.993257334,00,00,00,00,2364150562,34581733769293,27059.4827059.48,00,13731373,024116,241160,00,00,00,2879222.292829969,3845400034851000,00,00,1297800012469000,00,00,0,00,27190001233000,6757.566757.56,00,6757.566757.56,00,00,00,00,00,422244.7477927,00,2275700021149000,3301466.993307896,0000,4214200037624000,33817.0433817.04,4007400036452000,54.8%46.0%54.8%46.0%,0000,0.0%0.0%,0.0%0.0%
Heriot-Watt University,00,00,00,0,0,00,00,0,00,YesYes,00,103590104977,1951810519321399,00,00,123657.065180255.488,00,3467065835576249,00,166902.8160988.19,10533.025158.41,3023.663023.66,15651.8515651.85,63654.4463654.44,63289.7863289.78,7594.267594.26,2075.792075.79,42573296.01742756082.356,0,1623718236,00,0,00,00,0,00,0,67525.0767525.07,00,12411.6312411.63,19456.119456.1,25400.7225400.72,8118.78118.7,00,00,11858952.15912445033.596,00,0,54432248.17755201116.488,0000,0,234427.87228513.26,0,37.5%36.8%37.5%36.8%,16237182361623718236,100.0%100.0%,0.0%0.0%
"Imperial College of Science, Technology and Medicine",3731570,00,00,0,0,00,00,0,4029094064136653,YesYes,00,00,68328768.95853002959,2468374638331086,00,00,00,9496309182566461,106066846163929267,481293466247,00,84206891,1428613548,5452555888,7018768609,6372257438,226734224142,205797401.962214248648.6,12103660001115269000,2407716895,00,191856000171905000,00,00,0,00,496230000471087000,110248121837,00,2499422493,4904846936,1489217319,484484,00,00,2286637823805405.4,00,522280000472277000,228663779.958238054054,6497468620067451364974686200674513,12400800001259502000,591541588084,12688520001163193000,100.0%100.0%100.0%100.0%,24077168952407716895,0.0%0.0%,0.0%0.0%
Keele University,00,020684,00,0,0,00,00,0,00,YesYes,00,00,73595279473283,0192801,00,00,00,2786659530502002,0379852,113771.7110195.8,124139630.4,21537.525959,55070.937038.7,14744.625787,9243.48830,762.30,00,26312874.30128063649.058,1881340000,4069519.872500000,1350778.5091000030,429210000,2262824049,00,0,00,271330000,62083.861471,439.66000,17558.438508,43716.7613560.3,369770,0534,00,00,14356174.07815649199.942,00,118080000,40669048.37943712849,01928010192801,1835360000,175855.5171666.8,206323000,34.0%34.0%34.0%34.0%,6022553.75447652646022553.7544765264,0.0%0.0%,0.0%0.0%
King's College London,00,00,00,0,0,00,00,0,00,YesYes,00,1744929.21100327.752,6988651466694271,00,00,00,00,5187372552585147,00,404401.776391750.436,184090,607121090.2,8498434059,1727627159,196668646,3611245196,11947399909,129785509.23125392378.782,11608620001091794000,86135101.06,00,168477000121166000,00,00,0,00,323350000296523000,39205.00639205.006,00,07430,74240,3178131775,00,00,00,5961647.035299703.03,1223337510307235,669035000674105000,135747156.2130692081.812,0000,11016990001396640000,443606.782430955.442,12299590001149251000,9.0%45.0%9.0%45.0%,8613.065101.068613.065101.06,100.0%100.0%,0.0%0.0%
Kingston University,00,00,00,0,0,00,00,0,1864118626,Yes,00,00,1294438313850466,278500131520,00,00,00,1399063014051213,214051213586,120356.211119230.49,2931.151435,31109.83235895,51208.46128131.98,25325.09632598,6927.1286433,365.7956055,2488.7482222,2238479623376810.5,211362000211789000,3557736130,00,1375900017134000,00,00,0,00,94580006602000,42154.0342154.03,4910,32030,35375247,00,01067,0919,00,48829364711144.5,00,188145000188053000,2726773128087955,297141150146297141150146,231381000231342000,162510.241161384.52,229505000219310000,35.0%35.0%35.0%35.0%,35577361303557736130,100.0%100.0%,0.0%0.0%
Leeds Arts University,0,0,0,0,0,0,0,0,0,0,0,0,1467119,0,0,0,0,1702705,0,23391,0,0,0,0,0,0,0,3193715,25732000,23891,0,579000,0,0,0,0,461000,0,0,0,0,0,0,0,0,0,0,24692000,3193715,0,24121000,23391,25732000,46.0%46.0%,2676026760,0,0
Leeds Beckett University,00,00,00,0,0,00,00,0,1173594994969,YesYes,00,00,1182063612411707,1826173.7741550899,00,00,00,1269094313941829,31130512773413,157233.6160657.97,271.458271.458,42147.9738331.174,86899.33739684.546,4994.07141183.982,3387.217291.326,00,956.032956.032,24978737.73425741111.545,224029000215219000,238594.96205578.545,00,1996000016953000,00,00,0,00,87970007239000,72516.272516.2,00,7786.7837786.783,1835.0651835.065,00,00,00,00,27712043363871,00,195272000191027000,27749941.73429104982.545,2999767.77425458682999767.7742545868,244970000236316000,229749.8233174.17,238515000230904000,48.0%42.6%48.0%42.6%,238594.96205578.545238594.96205578.545,0,0
Leeds Trinity University,00,00,00,0,0,00,00,0,439942403352,NoNo,00,00,17923471871100,645106613095,00,00,00,44940445048341,13705361256549,25966.0123943.49,00,00,2596623943.49,00,00,00,00,4509858.714229538.931,6072700051288000,217728400,00,25950001032000,00,00,0,00,373000158000,16575.4619314.54,00,00,16512.919314.54,00,00,00,00,2883352.293714749.068,00,5775900050098000,73932117944288,1085048101644710850481016447,5979500047984000,42541.4743258.03,6423000054559000,30.6%0.0%30.6%0.0%,217728400217728400,0.0%0.0%,0.0%0.0%
Liverpool Hope University,00,00,00,0,0,00,00,0,00,YesYes,00,00,5280021.9855450206.22,00,00,00,00,73042008643506,00,5416556538,01736.26,19804.584884.14,8747.0116964.35,23632.3111955.87,00,00,00,9446235.29210703143.476,5207800053019000,127914.5373471.93,00,14350001536000,00,00,0,00,17560001179000,2910229774,0475.26,23370.2114531.75,1791.533764.1,2447.830,00,00,00,3265901.2233464040.674,00,4888700050304000,12712136.51514167184.15,0000,5593400054707000,8326786312,5824300058119000,0.0%0.0%0.0%0.0%,127914.5373471.93127914.5373471.93,0.0%0.0%,0.0%0.0%
Liverpool John Moores University,00,00,00,0,0,00,00,0,00,YesYes,00,00,1523173414628692,00,00,00,00,1406822717758821,00,153812.1154170.4,00,6169824263,2223544825,1745328506,3080434702,59965996,5386305,2931118432394734,274900000256855000,112237221,00,98500005551000,00,00,0,00,2353800020946000,00,00,00,00,00,00,00,00,00,00,241512000230358000,2931118432394734,0000,255491000236811000,153812.1154170.4,277270000257896000,100.0%100.0%100.0%100.0%,112237221112237221,0,0
Liverpool School of Tropical Medicine,00,00,00,0,0,00,00,0,00,0,00,00,4845344.244869051.8,00,00,00,00,5169306.885167700.519,00,27514.1322456.82,00,9876.59876.91,00,6977.126997.12,00,00,78010,10014651.1210036752.319,154796000196652000,00,00,1682600069392000,00,00,0,00,128426000117194000,00,00,00,00,00,00,00,00,00,00,954400010066000,10014651.1210036752.319,0000,146899000203314000,27514.1322456.82,154796000196652000,0,12325.511203.5112325.511203.51,0,0
London Metropolitan University,00,00,00,0,0,00,00,0,00,NoNo,00,00,64737376431917,00,00,00,00,81352318332660,00,83223.7883223.78,00,068779.74,732304450.31,7835.137835.13,2158.62158.6,00,00,1461903414774643,152333000122546000,1006610066,00,139120008140000,00,00,0,00,23590002346000,00,00,00,00,00,00,00,00,00,00,136062000112060000,1461903414774643,0000,147436000125511000,83223.7883223.78,152333000122546000,0.0%0.0%0.0%0.0%,10666100661066610066,0.0%0.0%,0.0%0.0%
London School of Economics and Political Science,00,00,00,0,0,00,00,0,073229,YesYes,00,2089236125,1821061218488936,0147160,00,00,00,1993034123260669,0254918,155640.306156807.83,00,21308.9228324.06,84307.8383862.58,24111.890,14920.22305.25,014614.97,00,2714456230893356,434468000411343000,101514130429,00,6975200079533000,00,00,0,00,5857100056949000,57568.3557568.35,00,7850.4211257.6,49198.8342697.26,03094.39,00,00,00,1111879711243192,00,306145000274861000,3826335942136548,02203890220389,430093000463553000,213208.656214376.18,471305000441373000,99.5%99.1%99.5%99.1%,101514130429101514130429,0.0%0.0%,0.0%0.0%
London School of Hygiene and Tropical Medicine,00,00,00,0,0,00,00,0,00,YesYes,00,00,5113453.14766667,00,00,00,00,29714334052349,00,25486.33525462.63,00,00,00,00,39753975,00,2060220602,8084886.18819016,277898000261281000,00,00,3175500026635000,00,00,0,00,209527000196190000,00,00,00,00,00,00,00,00,00,00,3661600038456000,8084886.18819016,0000,283218000291273000,25486.33525462.63,278185000261383000,82.3%82.3%82.3%82.3%,0,0,0
London South Bank University,00,00,00,0,0,00,00,0,00,NoNo,00,00,12440446.77311315331,00,00,00,00,9774817.9139749201,00,117696.02117696.02,1468.711468.71,27070.5727070.57,73225.11373225.113,15931.6115931.61,00,00,00,17230504.14116168118,192435000190379000,00,00,935700011701000,00,00,0,00,105460006891000,33239.5733239.57,00,00,23491.0323491.03,9748.549748.54,00,00,00,4984760.5454896414,00,172532000171787000,22215264.68621064532,0000,218269000197548000,150935.59150935.59,201926000199114000,55.9%50.8%55.9%50.8%,0000,0.0%0.0%,0.0%0.0%
Loughborough University,00,00,00,0,0,00,00,0,6188239.18610699975,YesYes,00,00,3176751025367518,6089544.6758736724,00,00,00,57037849.21458518659,15157157.78627547399,232529.81223910.35,0,0,0,0,0,0,0,80986210.18183079844,325808000286421000,00,00,3854600026823000,00,00,0,00,6991800056935000,95838.4597806.78,0,0,0,0,0,0,0,20096932.89420243032,00,217344000202663000,101083143.075103322876,12277783.8611943669912277783.86119436699,348652000388391000,328368.26321717.13,379054000337261000,0.0%0.0%0.0%0.0%,0000,0.0%0.0%,0.0%0.0%
Middlesex University,0,0,0,0,0,0,0,0,304217,Yes,0,0,8829821,462409,0,0,0,6447501,947716,90559,0,6994.16,28816.18,34389.18,6622.3,865.68,0,14798303.2,193198000,73398,0,21166000,0,0,0,0,10478000,2212,0,0,0,2212,0,0,0,1319043,0,161554000,16117346,304217304217,211949000,92771,201554000,0.0%0.0%,7339873398,0.0%,0.0%
Newcastle University,00,00,5779361314,0,0,00,00,0,319726179249,YesYes,00,117231102579,46564199.1544809804.042,531740296209,00,148895217210,00,48584655.0256899638.669,1047391583458,380526.5383027.96,868.62868.62,36870.850760.14,72117.1571973.89,62753.5294867.27,107267.2681873.99,3427.95965.39,55575.8939951.62,92081206.9498446767.599,586209000538873000,18991758786,00,7462500063736000,00,00,0,00,164618000146747000,107023.81107023.81,00,46438.2558784.07,47833.2935482.45,434.73337.14,2902.440,00,00,18001589.5618077662.449,13568640.3413899640.337,346966000328390000,110082796.51116524430.048,851466475458851466475458,573229000639627000,487550.31490051.77,608288000558606000,42.3%33.8%42.3%33.8%,1899175878618991758786,100.0%100.0%,0.0%0.0%
Norwich University of the Arts,00,00,00,0,0,00,00,0,00,0,00,00,18573921699310,00,00,00,00,19311102006330,00,2694120542,0,0,0,0,0,0,0,30183662978539,2990900027631000,00,00,1344000781000,00,00,0,00,954000427000,43154264,0,0,0,0,0,0,0,770136727101,00,2761100026423000,37885023705640,0,2590400023640000,3125624806,3114000028714000,0,0,0,0
Oxford Brookes University,00,00,4211989205,0,0,00,00,0,10480681218885,YesYes,00,00,1209160912103722,18740462125046,00,00,00,1944142023160592,34467823919535,117200115000,295295,3393741029,6302452026,462011452,04874,54110,2926537,2109243124924359,209825000193347000,326579326579,00,3627100031413000,08000,00,0,00,1447400014376000,9821898218,00,3424140556,2038022658,108130,00,00,00,1373141014107669,00,159080000147558000,3482384139032029,2922114334393129221143343931,238124000232269000,215418213218,238030000216558000,35.0%0.0%35.0%0.0%,326579326579326579326579,0.0%0.0%,0.0%0.0%
"Queen Margaret University, Edinburgh",00,02161,00,0,0,00,00,0,00,NoNo,00,00,3544155.983849304.89,00,00,00,00,5839290.926699189.51,00,24280.5424280.54,00,24280.5424280.54,00,00,00,00,00,5222561.0786188533.624,4513600043289000,00,00,27480001809000,00,00,0,00,37290004617000,22136.0422136.04,00,1723217232,49044904,00,00,00,00,4160885.8274362121.776,00,3865900036863000,9383446.910550655.4,0000,5095500048723000,46416.5846416.58,5111700048317000,0.0%0.0%0.0%0.0%,0216102161,0.0%0.0%,0.0%0.0%
Queen Mary University of London,00,00,084789.4,0,0,00,00,0,0672453,YesYes,00,88308.60,3253155932013175.5,02214384,00,00,00,2772096825774488.1,03396279,197951.66197432.95,1539,7288,30142,58715,23461,7630,43190,52268575.952489439,657282000613223000,6115728531,00,5696500062464000,00,00,0,00,186005000161766000,67496.6467496.64,0,11332,17295,16825,8177,0,0,8133416.78298382,00,414312000388993000,60401992.660787821,02886836.75502886836.755,603306000630957000,265448.3264929.59,679819000634528000,0,61157147356115714735,0.1%0.0%,0.0%0.0%
Queen's University Belfast,00,00,683208612374,0,0,00,00,0,887483313420705,YesYes,00,00,2897559123427320,57954959147245,00,00,00,5245194752966726,2378051736885661,328079310781,00,2033150652,8435271929,3462441049,212865097,8062882626,154629977,8076363484100595,438468000421550000,6134447275,00,6619800059939000,00,00,0,00,134911000130813000,9751686889,0,0,0,0,0,0,0,1607878415521050,00,237359000230798000,9684241899621645,887483313420705887483313420705,441464000517107000,425595397670,460525000437681000,100.0%100.0%,6134461344,0.0%,0.0%
Robert Gordon University,00,00,00,0,0,00,00,0,00,NoNo,501146.8124984.6,00,9562629.99489518.2,00,00,00,00,14699681.8115865892.832,00,8836288182,00,48610.938118.9,1520826834,199166665,5137321,21978192,837151,21614320.6221890464.551,124751000111625000,30136.9432131,00,88390007044000,8651700,00,0,00,65760005687000,1820018200,00,00,00,00,00,25802580,1562015620,4044444.833622062.081,00,10933600098894000,25658765.4525512526.632,0000,126624000114913000,106562106382,129364000114741000,37.4%45.0%37.4%45.0%,895306.9432131895306.9432131,100.0%100.0%,0.0%0.0%
Rose Bruford College of Theatre and Performance,00,00,00,0,0,14247560,01518085,0,00,NoNo,00,00,879934888212,00,00,00,00,00,00,90949094,706706,40154015,11261126,13301330,438438,427427,370370,15184471582346,130970000,00,00,11050000,00,00,0,00,2480000,46134613,46124612,00,00,00,00,00,00,786243823951,00,11744000,23046902406297,0000,146120000,1370713707,14758000,0.0%0.0%0.0%0.0%,1111,0.0%0.0%,0.0%0.0%
Royal College of Art,0,0,0,0,0,0,0,0,0,No,0,0,4761383.863,0,0,0,0,4886822.71,0,51081.57,1478.32,5211.6,9888.25,10664.9,0,7404.75,0,10769896.493,99677000,0,0,14713000,0,0,0,0,7778000,0,0,0,0,0,0,0,0,0,1121689.92,77186000,10769896.493,00,91004000,51081.57,100405000,0.1%0.1%,00,0.0%,0.0%
Royal College of Music,00,00,00,0,0,00,00,0,00,Yes,00,00,14486241510955,00,00,00,00,15628101456549,00,16670.216510.4,0,0,16510.4,159.8,0,0,0,30114342964629,3358000032661000,00,00,88850009283000,00,00,0,00,16430001224000,0159.8,0,0,0,0,0,0,0,02875,00,2305200022154000,30114342967504,0000,3241400032980000,16670.216670.2,3407400033095000,48.0%50.9%48.0%50.9%,0,0,0
Royal Holloway and Bedford New College,00,00,00,0,0,00,00,0,705916711820,YesYes,00,00,15546758.916629266,856415842054,00,00,00,2172399221131366,15062101599595,95538.4695538.46,28920,50688181,32852.3627988,2693120853,68818413,70850,011804,21383563.79521657335.143,188810000176823000,4612545721,00,1375400012038000,00,00,0,00,3139000032327000,92196.7692196.76,193530,394440,16622.8451946,012211,00,00,00,17495643.10517702891.857,00,143666000132458000,38879206.939360227,1608456.213114051608456.21311405,211812000232447000,187735.22187735.22,216104000201103000,0.0%0.0%0.0%0.0%,93676456559367645655,100.0%100.0%,0.0%0.0%
SOAS University of London,0,0,0,0,0,0,0,0,2061139,Yes,0,0,26343,1402009,0,0,0,1573190,0,39718.3,0,7043,27261,4045,0,0,0,5062681,101309000,0,0,8985000,0,0,0,0,13509000,0,0,0,0,0,0,0,0,0,0,78815000,5062681,00,89686000,39718.3,102812000,16.0%16.0%,00,0.0%,0.0%
SRUC,0,0,0,0,0,0,0,0,0,YesYes,0,0,0,0,0,0,0,0,0,120077117759,0,0,0,0,0,0,0,0,9014200087454000,0,0,2899500037057000,0,0,0,0,3054500019110000,86588658,0,0,0,0,0,0,0,0,0,3060200031287000,0,0,9791800089417000,128735126417,9169000088629000,0,0,0,0
Sheffield Hallam University,00,00,00,0,0,00,00,0,00,YesYes,00,00,1741576317125524,00,00,00,00,51465034942340,00,196529.9196529.899,1625316253,8488184881,8946889468,26402640,699699,00,00,3489403234072294,327032000313034000,5146852280,00,1902600012418000,00,00,0,00,2071300017424000,00,00,00,00,00,00,00,00,00,1228029811952150,287293000283192000,3489403234072294,0000,334929000330090000,196529.9196529.899,329672000314945000,0.1%34.0%0.1%34.0%,51468522805146852280,0.0%0.0%,0.0%0.0%
Solent University,00,00,00,0,0,00,00,0,00,No,00,00,7233562.77919345.4,00,00,00,00,1089890.711459527.39,00,7619287363,0,0,0,0,0,0,0,8777752.4110764629.79,9891500096885000,00,00,45390003863000,00,00,0,00,548000701000,2949729497,0,0,0,0,0,0,0,23148212369023,27691203754780,9382800092321000,11092573.4113133652.79,0,109434000108941000,105689116860,106245000103614000,0,0,0,0
"St George's, University of London",00,00,00,0,0,00,00,0,74268367723995.504,NoNo,00,00,29362782754759.286,42439061587568.914,00,00,00,1521597499714,2121953119454940.61,56533.9256667,00,1471.841471.84,00,00,00,00,53702.2753702.27,21326909.1620408578.865,8600800084360000,00,00,1652500015783000,00,00,0,00,1710400015397000,13925.213925.2,00,46934693,87998799,00,00,00,00,1854513.841774659.032,70528069617200.193,5237900053180000,2318142322183237.897,116707429311564.417116707429311564.417,8800600096401000,70459.1270592.2,8965600087834000,0.0%0.0%0.0%0.0%,0000,0.0%0.0%,0.0%0.0%
St Mary's University College,00,710000539900,00,0,0,00,00,0,232883754,0,4658563735,00,531534463217,210045000,00,010464,00,365874919678,8181299267,1481014810,00,1481014810,00,00,00,00,00,16584212125748,99870009738000,00,00,786000613000,00,00,0,00,610000,00,00,00,00,00,00,00,00,00,00,91400009125000,16584212125748,44281287544428128754,100030009509000,1481014810,101400009855000,0,0,0,0
"St Mary's University, Twickenham",00,00,00,0,0,72263240,07028977,0,00,YesYes,00,00,3338760.13585561,00,00,00,00,00,00,3184131570,00,1984.111984,14265.42114265,5820.3985820,7305.5867306,00,00,5815378.75749615,5031800047750000,00,00,26420002917000,00,00,0,00,19760001755000,1657916579,1258.991259,1731.2451731,7962.4087962,3833.7373834,1491.331491,00,00,4749705.44864923,00,4570000043078000,10565084.110614538,0000,5728800053927000,4842048149,5764700054358000,0,0,0.0%0.0%,0.0%0.0%
Staffordshire University,00,00,00,0,0,00,00,0,00,NoNo,9423.46330,00,1074375311061847,00,00,00,00,79726248900310,00,8713987139,08880,1208710309,2174947692,228812233,93713546,369880,00,15478945.1216522030,162793000145545000,125069104292,00,1127100010235000,00,00,0,00,33170002015000,2010020100,00,00,3378.716527,142233573,24980,00,00,3869736.284213407,497812662658,148205000133295000,19348681.420735437,0,152903000138568000,107239107239,168075000150461000,0.0%0.0%0.0%0.0%,104292104292,0.0%0.0%,0.0%0.0%
Swansea University,00,00,516905474644,0,0,00,00,0,042366,YesYes,00,00,3046478329819099,014800,00,00,00,3116315131604840,0144977,222517.33215324.76,10002.3416722.93,64292.3743931.14,54730.172728.51,53332.6355880.96,14128.0317346.3,15688.780,3308.563308.56,5534644354573489,386385000341813000,457834343930,00,4615500040374000,592812532647,00,0,00,8771300090292000,38700.1539887.49,00,3803.6911571.11,20584.9713940.17,9684.125898.6,778.554526.22,0102.57,3848.823848.82,78490428258837,00,252517000211147000,6319548562832326,057166057166,348691000447629000,261217.48255212.25,412637000370086000,0.0%67.0%0.0%67.0%,10506468765771050646876577,0.0%0.0%,0.0%0.0%
Teesside University,00,00,00,0,0,00,00,0,0555315,YesYes,00,00,1181033212588946,0374470,00,00,00,1256956113645695,01767718,133504.16132062.19,16918390,43638.133796.36,42684.4940919.72,16463.4314373.94,00,01691,27682768,2029941222472555,204595000174360000,9748388862,00,1966700013482000,00,00,0,00,94410006491000,35144.7435144.74,127340,818015808,00,7413.654339.65,00,00,00,41779644780733,00,175487000154387000,2447737627253288,09297850929785,197584000183469000,168648.9167206.93,210161000180253000,48.4%45.0%48.4%45.0%,97483888629748388862,0.0%0.0%,0.0%0.0%
The Arts University Bournemouth,00,00,00,0,0,00,00,0,00,YesYes,00,00,2553071.442699925.7,00,00,00,00,28982983450485.607,00,3048628034,00,3161828,17844.7219291,2726.162720,28521615,00,343343,3544488.744082575.9,4354200040477000,7967472711.8,00,24670001818000,00,00,0,00,564000443000,1855518555,00,182269502,00,00,00,00,00,1986554.72140547.2,00,4051100038216000,5531043.446223123.107,0000,5366400051046000,4904146589,5266000048820000,100.0%100.0%100.0%100.0%,7967472711.87967472711.8,0.0%0.0%,0.0%0.0%
The Institute of Cancer Research,00,00,00,0,0,00,00,0,451728368,YesYes,40002500,00,1289355513890797,445380592,00,00,00,1143480012608287,14728411183,4200042000,00,00,00,34633463,978978,26002600,2749427494,2528925626568618,138641000161155000,5979366074,00,4137700065434000,00,00,0,00,8419000085265000,00,00,00,00,00,00,00,00,00,00,1307400010456000,2528925626568618,0000,134937000163476000,4200042000,138641000161155000,100.0%100.0%100.0%100.0%,59793660745979366074,0.0%0.0%,0.0%0.0%
The Manchester Metropolitan University,00,00,00,0,0,00,00,0,3206451095000,YesYes,00,00,2183309620672630.96,3507801204500,00,00,00,2268635521602243.55,7473342881578.95,210063.62214792.88,00,4064.813891.99,107601.12110684.31,4154441533.55,3766235585.36,00,14841484.48,3654893135968466.12,399224000370960000,249152244083.6,00,2114300021390000,0137108.73,00,0,00,2907000021912000,58427.8355626.96,00,16729.3816729.56,3076130806.33,80348032,00,00,00,88910978987100.72,00,349011000327658000,4544002844955566.84,67142522995006714252299500,406190000382458000,268491.45270419.84,422046000393007000,46.8%45.8%46.8%45.8%,249152381192.33249152381192.33,0.0%0.0%,0.0%0.0%
The National Film and Television School,00,13324370,00,0,0,00,00,0,00,0,00,00,12420231300870,00,00,00,00,500271272287,00,12424.0812424.08,00,00,00,00,00,00,00,26244872573157,2224600019228000,00,00,47650004514000,00,00,0,00,13590001633000,00,00,00,00,00,00,00,00,00,00,1612200013081000,26244872573157,0000,2113800018501000,12424.0812424.08,2224600019228000,0.0%0.0%0.0%0.0%,0000,0.0%0.0%,0.0%0.0%
The Nottingham Trent University,00,5371891050971,186727289426,0,0,00,00,0,64082795939768,YesYes,00,00,2078232820659696,65248708429875,00,00,00,1780565312500289,1355981416429261,226838.7225565.39,470470,2954551532.76,121805111229.3,2906843880.27,50584115,9523492,92553408.1,5637065852384534,424416000395939000,307659320906,00,2676500017094000,00,00,0,00,1867500015177000,16150.1215807.28,28600,1083311697.05,716845.26,01866.88,00,00,00,22184482333926,60364015527529,378976000363668000,5858910654718460,12933149143696431293314914369643,410481000395611000,242988.82241372.67,433949000404137000,37.0%39.3%37.0%39.3%,84484813755048448481375504,1.0%1.0%,0.0%0.0%
The Open University,00,00,00,0,0,00,00,0,00,NoNo,00,00,1223484112788294,00,00,00,00,1385116615396455,00,129733130028,00,36153615,85598559,41404140,64386438,9697696976,14191419,2626801028367256,561487000553956000,5414354647,00,249650002461000,127860127860,00,0,00,2790400024109000,00,00,00,00,00,00,00,00,00,00,508618000527386000,2626801028367256,0000,535109000777504000,129733130028,561944000553956000,0.0%0.0%0.0%0.0%,182003182507182003182507,0.7%0.6%,0.0%0.0%
The Royal Central School of Speech and Drama,00,00,00,0,0,00,00,0,00,NoNo,2580021920,00,780264.24800735,00,00,00,00,10890591062107,00,1063410634,00,21812181,321321,81328132,00,00,00,1903515.241890825,239140000,83926063,00,15330000,00,00,0,00,42540000,00,00,00,00,00,00,00,00,00,00,18127000,1903515.241890825,0000,237790000,1063410634,24027000,0.0%0.0%0.0%0.0%,839212126839212126,0.0%0.0%,0.0%0.0%
The University of Aberdeen,00,00,00,0,0,00,00,0,57990008425299.999,YesYes,00,155864.25132235.75,13392997.33810573081.617,2156750022032700,00,17677.815331.8,00,21659012.01320964654.138,30842409.80934440391.743,201867.56201867.56,00,2817028170,00,2672626726,8354883548,49724972,1488214882,56448376.52358270169.005,258226000252103000,113955.8145626.6,00,2462500024424000,663787,00,0,00,7669700073216000,66117.0166117.01,00,00,00,00,00,00,00,13962334.30513100256.202,7704040.6279080708.302,156904000154463000,70410710.82871370425.206,27366500304580002736650030458000,259370000313654000,267984.57267984.57,268635000260909000,88.0%86.8%88.0%86.8%,114491.8146413.6114491.8146413.6,100.0%100.0%,0.0%0.0%
The University of Bath,00,00,00,0,0,00,00,0,12263941756020.31,YesYes,00,00,2375367725291423.43,20673491740786.162,00,00,00,3822035356565552.289,41346983647510.472,186847.25175043.64,11681168,5122610143,4481060271,1592447707,186507928,1190217445,1915617174,49579642.4666303436.87,319106000325341000,158393150704,00,2159000028955000,00,00,0,00,7061500062480000,124331.88110423.31,00,5298361567,3498431511,53751789,71395614,00,00,15846523.5419201049.32,00,226901000233906000,6542616685504486.191,32937433496806.47232937433496806.472,361923000389835000,311179.13285466.95,362945000361782000,100.0%100.0%100.0%100.0%,158393150704158393150704,0.0%0.0%,0.0%0.0%
The University of Birmingham,00,00,00,0,0,00,00,0,3966001536583621,NoNo,00,298964183,3170483535606283,2933405325131832,00,140140,00,80411842103851252,10182685492460903,444017.7430448.8,0,0,0,0,0,0,0,162570700182571000,877283000842790000,294385260229,00,122655000113881000,00,00,0,00,249809000257169000,125811.8119822.7,0,0,0,0,0,0,0,1935522819425694,517669499154,504819000471740000,181925928201996694,6899406861747452.976899406861747452.97,8905240001042613000,569829.5550271.5,928716000887940000,0.0%100.0%0.0%100.0%,294385260229294385260229,100.0%100.0%,0.0%0.0%
The University of Bradford,00,00,00,0,0,00,00,0,41857435265814,YesYes,00,00,59607545570723,47656056681598,00,00,00,15403404.7620105550.83,1144836414868547,116820.36109895.17,00,00,57981.8281695.8,20341.323471.17,00,3035,00,3035485837663685.83,176127000144288000,39351.840000,00,110020006843000,00,00,0,00,994300010674000,00,00,00,00,00,00,00,00,00,00,155182000126771000,30354858.5637663685.83,912476912027250912476912027250,171444000167456000,116820.36109895.17,177114000145134000,0.0%0.0%0.0%0.0%,39351.84000039351.840000,100.0%100.0%,0.0%0.0%
The University of Brighton,00,00,00,0,0,00,00,0,122956310451,YesYes,00,10742.50,13381092.613556936.3,211484530567,00,00,00,18201389.2622879313.42,4112241018810,161283.85158817.95,07493,3483126210,3423926268,5031469970,163553568,45464546,861861,25997804.6431875839.15,184027000174355000,622339.02497168,00,1831300013737000,00,00,0,00,1762100013607000,79924.679924.6,7270,00,2719217934,03603,00,00,00,6552198.745898596.57,00,148093000147011000,32550003.3837774435.72,146897841018146897841018,215061000214912000,241208.45238742.55,206163000193530000,42.0%36.0%42.0%36.0%,622339.02497168622339.02497168,100.0%100.0%,0.0%0.0%
The University of Bristol,00,00,00,0,0,00,00,0,3539452135810,YesYes,00,1021960306935,61754799.663567346,3431383179204,00,00,00,6474237665701870,11596736674406,407356.958399938.73,00,84418441,3786634910,17961796,00,00,1285112851,106152395.6112825704,869778000798296000,362768313831,00,11440400097077000,00,00,0,00,269758000245133000,132687.52131564.02,00,00,105.40,2044.60,867.90,1610,00,2242659122379292,00,485616000456086000,128578986.6135204996,69708353150146970835315014,837223000994276000,540044.478531502.75,934147000858485000,9.6%34.0%9.6%34.0%,11765796120282401176579612028240,0.0%8.8%,0.0%0.0%
The University of Cambridge,00,148800138623,00,0,0,00,00,0,00,YesYes,00,1192874979902,144071965144332542,00,00,00,00,104420613107224433,00,736892.54738889.79,00,3360755904,105565106738,5037429566,2504837797,154821360,6987179015,257272970260058915,25046100002209517000,616954609254,00,13373820001084210000,00,00,0,00,713320000696106000,00,00,00,00,00,00,00,00,00,68217646774161,453908000429201000,257272970260058915,0,23178520002301047000,736892.54738889.79,25182550002218748000,0.0%0.0%0.0%0.0%,25173754250999762517375425099976,100.0%100.0%,0.0%0.0%
The University of Central Lancashire,00,11515000,00,0,0,00,00,0,00,NoNo,00,00,1675800324092856,00,00,138159178798.32,00,2239835524878283,00,172970.47171857.17,14611461,55315531,6656566565,7394673946,73457345,00,00,2438321345196228.004,285361000272038000,187593134034.684,35623562,3108600026742000,15171517,00,0,00,1708300015043000,31798.3926574.73,00,31003100,81888188,1431914319,00,00,00,162554764092823,00,237192000230253000,4063868949289051.004,0000,297579000277163000,204768.86198431.9,292494000277957000,40.0%40.0%40.0%40.0%,187593139113.684187593139113.684,100.0%100.0%,0.0%0.0%
The University of Chichester,00,168448168448,00,0,0,00,00,0,00,YesNo,0231826,00,4196245.83821379,00,00,00,00,6801186.257064290,00,52469.91552469.915,3869.083869.08,22492.820507.8,141569839,3634.59936.5,3003836,02167,00,5716664.9965777897,5673000055511000,4326743267,00,63970005597000,00,00,0,00,19980001728000,31054.89129404.796,00,015045,130155273,62702362,33950,00,00,5492482.0555551313,00,4833500048186000,11209147.0511329210,0000,6591600064539000,83524.80681874.711,6595900063787000,100.0%100.0%100.0%100.0%,43267432674326743267,0.0%0.0%,0.0%0.0%
The University of Dundee,00,00,00,0,0,00,00,0,0,YesYes,00,00,34776877258325,0,00,00,00,6907461067813053,1726865316953263,201910201910,00,1718617186,4952449524,5226752267,1712617126,94789478,41484148,0,314924000282787000,1300013000,00,3168800027083000,00,00,0,00,10017000093548000,00,00,00,00,00,00,00,00,00,0,183066000162156000,0,0,320922000345433000,201910201910,325710000291992000,0,13000130001300013000,10.0%10.0%,0.0%0.0%
The University of East Anglia,00,00,00,0,0,00,00,0,2360000023752657,NoYes,00,40080,57209697671217,1623200039787774,00,00,00,274179877877422,6155721687925230,181030.09180424.95,67386738,2021320213,5502455024,1403614036,42254225,1509015090,2784927849,5366870260877288,314922000295189000,324927228537,00,4506100033365000,00,00,0,00,8023600072492000,104287.32104287.32,00,6333063330,2336323363,29692969,45004500,00,00,1963118918440319,00,189625000189332000,7329989179317607,46889725635424314688972563542431,339060000395582000,285317.41284712.27,345506000321428000,100.0%8.0%100.0%8.0%,324927240497324927240497,100.0%100.0%,0.0%0.0%
The University of East London,00,1544722187,00,0,0,00,00,0,00,NoNo,00,00,1136156511382834,00,00,00,00,1172150913016524,00,91393.6691393.66,00,9652.59652.55,68180.268180.2,11503.9111503.91,00,00,00,1896330720581413,234992000182059000,6893951224,00,1469900011477000,00,00,0,00,52280005315000,28405.8128405.81,00,5086.65086.6,18898.0418898.04,2648.842648.84,00,00,00,42041533891356,00,215065000165267000,2316746024472769,0000,239474000181787000,119799.47119799.47,247961000191974000,49.0%47.0%49.0%47.0%,84386734118438673411,0.0%0.0%,0.0%0.0%
The University of Edinburgh,00,00,00,0,0,00,00,0,2784038437455826,YesYes,00,271398871304,119499826107810074,7252197469637382,00,7970775791,00,4825736354068814,142475399174727825,719120712865,24902490,2498124981,7837178371,2903429034,5071250712,3249932499,2110221102,245004655251122351.05,12914280001223735000,1199330114388,00,227300000196843000,125674121299,00,0,00,444435000422570000,212867216217,00,14731473,1624816233,46504412,10181018,11301130,00,3619584731037593.95,1140484612005067,619693000604322000,281200502282159945,100362358107093208100362358107093208,12275190001389038000,931987929082,13847280001297443000,28.0%30.3%28.0%30.3%,13250042356871325004235687,100.0%100.0%,0.0%0.0%
The University of Essex,00,00,00,0,0,00,00,0,00,YesYes,00,00,2055501320112671,00,00,00,00,3077824334833445,00,181099179502,93619361,1646024805,1468721873,1438812131,5953184948,867119935,8546431,32294818.4434112537.983,299682000261020000,1051038554958,00,3792700028173000,00,00,0,00,4889800039633000,105507.71105507.71,00,00,00,00,00,00,00,20089475.5621388536.017,00,212857000193214000,5238429455501074,0000,312308000326120000,286606.71285009.71,334057000284356000,41.2%37.0%41.2%37.0%,10510385549581051038554958,100.0%100.0%,0.0%0.0%
The University of Exeter,00,00,00,0,0,00,00,0,823598.511823598.511,YesYes,00,1236997.5991906063.312,30449158.23430657323.822,932295.475932295.475,00,00,00,30360220.41639666043.367,2215838.6832215838.683,211111.27207793.74,4023.54715219.62,23173.43647849.79,79888.70747849.79,56176.96835586.36,17287.1188700.62,12438.87412765.44,18122.61924261.545,50989094.4250793240.99,583002000538157000,773590.38580450.588,00,4922300042001000,00,00,0,00,157404000134928000,93013.3976463.66,00,2294517568.68,135098294.02,5126320405.98,03652.99,00,14700,13586766.19523772534.085,00,376375000361228000,64575860.61574565775.075,2557285255728525572852557285,604052000685468000,304124.66284257.4,632916000586924000,49.1%41.1%49.1%41.1%,6863422.0273137735.5886863422.0273137735.588,0.0%0.0%,0.0%0.0%
The University of Glasgow,00,592800,00,0,0,00,00,0,13567253.659775396.487,YesYes,00,235440337451.4,49552710.9353607768,13408921.169969355.312,00,00,00,66558477.8267912756.966,34598522.5925624215.484,417677.75421355.11,37293.8329335.9,1032010320,1197311973,7163371633,2248422484,2690826908,26192619,129108819.6134831204.41,922896000900471000,68847.4921982.77,00,105262000144688000,00,00,0,00,287182000256318000,95560.8797154.01,00,230230,19771977,507507,744744,00,00,14342111.456793506.525,00,530452000499465000,143450931.05141624710.935,26976174.819744751.79826976174.819744751.798,8314390001002724000,513238.62518509.12,952196000929358000,0.0%0.0%0.0%0.0%,128127.4921982.77128127.4921982.77,0.0%0.0%,0.0%0.0%
The University of Greenwich,12723771857450,438580822430,00,0,0,00,00,0,873277931650,YesYes,00,00,1364274313633291,399100925800,00,00,00,1506412214630232,00,131622.43128923.8,00,2751329445,3633236048,18318.517234,6419.512291,211510,70141938,2829873029515353,285948000255153000,7479981982,00,124750006532000,00,00,0,00,2279100018065000,14141.9814141.98,00,00,011269,112690,00,00,00,34662683367482,00,250682000230556000,3176499832882835,1272377185745012723771857450,296026000258006000,145764.41143065.78,307017000272201000,0.0%0.0%0.0%0.0%,74799336607479933660,0.0%0.0%,0.0%0.0%
The University of Huddersfield,00,00,00,0,0,00,00,0,196578222738.9,YesYes,110787748,00,1197079412096914,405091473320.1,00,00,00,1257248312734308.311,630568740488.368,125546.52127631.13,00,16760.317043.3,55667.1230564.45,38632.4765001.35,3840.693840.69,00,9410.059435.78,2529974125624104.311,187835000182049000,14371789075,00,109200008853000,00,00,0,00,2708200021774000,00,00,00,00,00,00,00,00,00,00,149833000151422000,2529974125624104.311,601669696059601669696059,196378000192141000,125546.52127631.13,188918000182938000,0.0%0.0%0.0%0.0%,1437178907514371789075,100.0%100.0%,0.0%0.0%
The University of Hull,00,00,00,0,0,00,00,0,224886224886,YesYes,00,5246.7615497.3,1612680115868723,359818359818,00,00,00,2201674824626624,665663665663,159455156728,46423438,587510284,133655144,123893131676,54392672,00,00,3409743436814204.3,191612000182314000,205529224502,00,2336900018955000,00,00,0,00,2288900020478000,4131941316,2482624826,1578415784,00,00,00,00,00,48415954505846,00,145354000142881000,38939028.7641320050.3,584704584704584704584704,207805000229647000,200774198044,208506000198150000,100.0%100.0%100.0%100.0%,205529224502205529224502,100.0%100.0%,0.0%0.0%
The University of Kent,00,00,00,0,0,00,00,0,00,YesYes,4649.18119744.331,00,18358639.69718778113.333,00,00,00,00,35622755.72938248709.766,00,177493.73177905.08,483.6483.6,16748.9816748.98,105152.77581401.615,8001.7329957.14,7866.24323.33,10694.6816889.88,32014105,37111865.64139769559.542,222640000,169430178093,00,17129000,00,00,0,00,34272000,78062.4978106.17,00,10916.6411017.09,33322.1230163.345,3887.63887.6,00,00,00,17043608.96617455100.888,00,171239000,54155474.60757224660.43,0000,326652000,255556.22256011.25,260378000,0.0%0.0%0.0%0.0%,169430178093169430178093,0.9%0.9%,0.0%0.0%
The University of Lancaster,00,18357911721000,00,0,0,00,00,0,856617112603195,YesYes,00,00,2027761818302312,57717147698000,00,00,00,4184989637112879,2124411837068221,177142175932,0,0,0,0,0,0,0,42184190.3642818195.97,340834000320746000,88887158402,12027353193261,4465900035234000,00,00,0,00,7569700072165000,155591155296,0,0,0,0,0,0,0,37408621.6437970853.03,00,220478000213347000,7959281280789049,14337885203011951433788520301195,345936000398906000,332733331228,381775000357886000,0.0%0.0%0.0%0.0%,3127413507266331274135072663,0.0%0.0%,0.0%0.0%
The University of Leeds,00,00,00,0,0,00,00,0,39003967.44834726195.784,YesYes,00,167045.4296725.8,32710894.41240648506.576,15070296.97815352936.809,00,00,00,83077274.91891356671.202,118476809.0799613364.847,477474.339482422.908,1981.084380.21,76658.4979341.22,40763.641673.39,87325.8276910.59,95833.5131853.07,45034.42102593.23,81197.58103705.54,147997049.807160630880.779,923300000866795000,44641.6549737,00,12416700093751000,00,00,0,00,242375000226021000,137265.305137236.853,0,0,0,0,0,0,0,25351153.40425569353.422,3274082.4053769461.031,556758000547023000,173348203.211186200234.202,54074264.42650079132.59354074264.42650079132.593,9124530001048952000,614739.644619659.761,985279000929535000,41.0%41.0%41.0%41.0%,44641.654973744641.6549737,0.0%0.0%,0.0%0.0%
The University of Leicester,00,834912657600,00,0,0,00,00,0,553473295095,YesYes,2947522538,00,3297309534165143,860526306717,00,00,00,2357881724487219,1779416625537,239864.67240560.34,02972,2190957492,9743086170,4983113869,88585242,24136547,4130834220,6628598767384066,343293000320940000,128244100361,00,3638000031935000,00,00,0,00,9169800083432000,138395.1582984.59,00,1648613385,3616335507,1762719216,28152815,61476985,2560,1665827317139752,2401224723989146,215215000205573000,8294426184523819,14139996018121413999601812,357984000399792000,378259.82323544.93,368999000340226000,14.0%13.0%14.0%13.0%,963156757961963156757961,0.0%0.0%,0.0%0.0%
The University of Lincoln,00,00,00,0,0,00,00,0,00,YesYes,00,430116.2608131.67,1716318817641429.06,00,00,62637.1271501.15,00,1582312317066828.565,00,140902.929138591.68,4264.6524264.652,33331.49235792.801,52337.21842268.456,19275.80721011.91,9536.92411736.404,4040.0274040.027,00,19793065.3221746636.985,215765000191831000,231333246173,00,1143600015459000,00,00,0,00,2167200019051000,114946.097114915.229,14111.6174147.18,84964.61177815.19,11088.5310912.672,3543.972202.496,00,00,00,1391733213887426.27,00,182657000157321000,33710397.3235634063.445,0000,234388000203623000,255849.026253506.909,240374000215181000,0.0%49.9%0.0%49.9%,231333246173231333246173,100.0%100.0%,0.0%0.0%
The University of Liverpool,00,00,00,0,0,00,00,0,2644943250015833,YesYes,00,62002.843351.2,4059302622937017,5420931173612806,00,00,00,7621161958415852,69017055130118385,360631360119,177130,62822.5106007.2,148892.6125229.5,74586.780794,15119.34271,15122.80,17665.517212,181920030176234574.2,644445000586073000,70127012,00,8932300081106000,00,00,0,00,160641000146602000,137831137957,029892.2,58372.542154,115080,00,00,00,00,1561237328797297,00,394481000358365000,197532402.8205031871.2,9035204650015833.19035204650015833.1,664837000756073000,498462498076,675158000614928000,20.6%8.8%20.6%8.8%,701222944029701222944029,0.0%0.0%,0.0%0.0%
The University of Manchester,00,00,00,0,0,135741686.270,0147275565.989,0,14300558.415557367.99,YesYes,00,707295.6444701.8,90923556.926100289794.463,10146285.0932941798.953,00,00,00,00,51493546.90220259967.617,707963.62815742.26,5661.5811425.07,79326.25143494.39,211180.03166108.14,104189.7139959.07,63132.4894977.25,79943.64534.66,116134.8113915.72,214548519.125220828597.728,12869960001164540000,85066.8879377.41,00,171783000119312000,00,00,0,00,367408000351630000,181131.57182214.77,0,0,0,0,0,0,0,37355930.05535760008.878,00,747805000693598000,251904449.179256588606.605,24446843.5038499166.94324446843.5038499166.943,12378760001316976000,889095.19997957.03,13446650001217127000,0.0%0.0%0.0%0.0%,85066.8879377.4185066.8879377.41,0,0
The University of Northampton,00,33591273359127,00,0,0,00,00,0,242264242264,YesYes,00,00,81754618175461,340252.9340252.9,00,00,00,77853987785398,773302773302,4085874957,00,95689568,57130,38403840,00,00,43014301,96173499617349,0,2217422174,00,0,00,00,0,00,0,5810258276,00,3206332063,2340023400,00,818818,00,00,1030732810307328,00,0,19924676.919924676.9,582517582517582517582517,0,98960133233,0,41.0%41.0%41.0%41.0%,3381301338130133813013381301,0.0%0.0%,0.0%0.0%
The University of Oxford,00,00,00,0,0,00,00,0,362705.553506926,YesYes,00,660973.6572474.2,116630141.547114861913.27,568582794718,00,00,00,110247686106255508.99,11388501591792,676125.098666881,8637.89139,47721.1168427,108876.29105164,123653.8167468,49284.7285732,93197.850594,182904.73184264,228782142.7223307611.67,29197610002771882000,312054316071.21,00,13972260001387607000,00,00,0,00,953242000865707000,00,00,00,00,00,00,00,00,00,00,569293000518568000,228782142.7223307611.67,931287.5531301644931287.5531301644,25811790002897326000,676125.098666881,29246820002775240000,100.0%100.0%100.0%100.0%,312054316071.21312054316071.21,0.0%0.0%,0.0%0.0%
The University of Portsmouth,00,00,00,0,0,00,00,0,00,YesYes,00,00,1793346317002286.5,00,00,00,00,1355578314731479.028,00,155332.58155579.24,92660,20022.4233331.419,5117860712.15,4104525676,012939,01107.91,00,28010511.7228305883.894,305616000285806000,26021023.722,00,2190000012045000,38192.7238192.719,00,0,00,2461800019677000,23254.5625581.61,00,15729.5617592.372,75257525,00,00,00,00,37771373466098.075,00,259098000254084000,31787648.7231771981.969,0000,314822000281814000,178587.14181160.85,312438000290521000,100.0%100.0%100.0%100.0%,26021043561.16426021043561.164,0.0%0.0%,0.0%0.0%
The University of Reading,00,00,1610845.1081492660,0,0,00,00,0,2812538.0022478244,YesYes,00,00,15172820.18216523199,3723727.2772588508,00,00,00,19819539.4324218956,10298783.0888215145,204502.82207456.99,2485.332485,41605.2641438,59998.9856357,34286.1436231,21278.521299,7973.677984,10543.5510543,44074131.99948130229,327475000308196000,696832740532,00,5940600048332000,23783088130,00,0,00,5426300058140000,00,00,00,00,00,00,00,00,00,00,213806000201724000,44074131.99948130229,6536265.27961228446536265.2796122844,344997000406535000,204502.82207456.99,337802000316857000,100.0%100.0%100.0%100.0%,934662828662934662828662,0.0%0.0%,0.0%0.0%
The University of Salford,00,00,00,0,0,00,00,0,00,YesYes,00,00,1618047314384227,00,00,00,00,1248650813101204,00,154250154250,01964,17214.242016,99746.165014,4487.937905,233570,4070.66086,14990,2873075127495430,257561000237376000,637709999,00,1472600013353000,00,00,0,00,1305600011187000,00,00,00,00,00,00,00,00,00,00,229779000212836000,2873075127495430,0000,248488000264345000,154250154250,268381000247881000,0.0%0.0%0.0%0.0%,637709999637709999,0.0%0.0%,0.0%0.0%
The University of Sheffield,00,00,82374655352.97,0,0,00,00,0,1624676213030636,YesYes,00,00,4928694246449925.92,1550810016271462,00,00,00,3407400734707261.12,4891597050746034.11,477594.45470035.38,20180.4917048.18,63362.73131671.15,195503.91131905.68,54532.8650455.48,29640.4834722.48,28024.8729626.66,28085.7316329.34,109941545107025656,846464000784690000,13127881149.87,0965000,138814000105492000,1e+061098013,00,0,00,253808000251805000,47125.2346398.25,1456.451456.45,12522.3523098.66,22130.611554.29,1446.461449.46,1100.711100.71,00,00,2429591724706144.43,1790800018473000,453842000427393000,134237463131731800.88,31754862293020983175486229302098,794984000892989000,524719.68516433.63,886951000822397000,36.7%34.7%36.7%34.7%,1131278214416311312782144163,0.8%1.6%,0.0%0.0%
The University of Southampton,00,00,00,0,0,00,00,0,2279611023645720,Yes,635811.33972432,00,24769732.64722719980.889,1847596014742880,00,00,00,32145015.04635159526.787,60381465.69862130712.682,304133.617283951.495,42701.58,97784.44,56806.19,25508.68,5392.3,20372.59,0,74549826.86472338007.119,685664000634159000,14958.34116208.3,00,110009000110309000,00,00,0,00,177550000167403000,170543.942167888.83,0,27309.699,123731.86,15642.04,632.53,0,0,25794072.77325814912.009,1506312.2631796171.152,398105000356447000,100343899.63698152919.128,41272070383886004127207038388600,644226000737823000,474677.559451840.325,730044000672831000,20.7%20.7%,14958.34114958.341,0.0%,0.0%
The University of St. Andrews,00,1965002014358464,00,0,0,00,00,0,1549334561800,YesYes,00,086950,2823738427953204,1570988449584,00,00,00,2953664542179850,51201441401150,162601.51161461.77,35623562,1824718247,56135613,2276522765,1381013810,00,42904290,5268391557933780,282714000273965000,525721313097,00,4230400039071000,00,00,0,00,6707400071191000,124020.57123916.47,1241712417,00,1573515735,2371323713,311311,00,00,2838617727969169,00,173336000163703000,8107009285902949,3120322101138431203221011384,300532000338430000,286622.08285378.24,322445000313650000,100.0%100.0%100.0%100.0%,525721313917525721313917,0.0%0.0%,0.0%0.0%
The University of Stirling,00,891208891208,557624491522,0,0,00,00,0,97101928911057,YesYes,00,6610271401.6,64438576312242,102743019613802,00,00,00,2068881820153078.75,2399051224526251.25,10580699076.899,1835,0,4974,2034,1095,37158,15525,2091180426497361,150321000139202000,00,00,141440009368000,00,00,0,00,2700800027857000,7173769853.18,0,9280,0,0,0,0,0,2772029819946950.35,00,109169000101977000,4863210246444311.35,19984493182360571998449318236057,151186000168652000,177543168930.079,169700000155255000,100.0%100.0%100.0%100.0%,00,0.0%0.0%,0.0%0.0%
The University of Strathclyde,00,00,722028003,0,0,00,00,0,2494620022350600,YesYes,00,305736295514,1880002218811729,2119940020176900,00,00,00,3431965843770405,6369037058434500,334270320102,22483.722483.7,1639216392.9,26082608,3946939469,128118.4128118.4,5333153331,4729247292,9125717497384946,475979000379601000,97919121884,00,10859200037390000,00,00,0,00,143754000133894000,3818138181,0,0,13411341,558558,887887,358358,9696,8418981.388170088,00,223633000208317000,99676155105555035,46145600425275004614560042527500,402174000520441000,372451358283,487362000387802000,100.0%100.0%100.0%100.0%,9791912188497919121884,0,0
The University of Sunderland,00,00,00,0,0,00,00,0,00,YesYes,00,00,1134767510887505,00,00,00,00,1062699610500135,00,99841.1499811.82,0,0,0,0,0,0,0,1693605016627624,223505000196823000,31695095859,00,1877600010091000,00,00,0,00,31270002653000,38351.0938350.7,0,0,0,0,0,0,0,53555714855875,00,201602000184079000,2229162121483499,0000,230285000202079000,138192.23138162.52,227184000199855000,0,3169509585931695095859,0,0
The University of Surrey,00,0217280,00,0,0,00,00,0,00,YesYes,00,3948044660,3160148731588050,00,00,12715711106,00,4171036643157776,00,168905.95170759.82,00,00,21547.4821547.48,18918.5118918.51,4536.424536.42,2377.312377.31,00,4961391950631505,277740000271157000,45583024,00,3619300031172000,00,00,0,00,6421300059854000,155246.62154954.13,00,00,00,00,00,00,00,2386912924390391,00,177334000180131000,7348304875021896,0000,323315000376912000,324152.57325713.95,316331000305319000,0.0%75.0%0.0%75.0%,45882203044588220304,0.0%0.0%,0.0%0.0%
The University of Sussex,00,00,00,0,0,00,00,0,6176223.988727939,YesYes,00,00,17484844.715669885.6,9814340.0211494338,00,00,00,31786995.4430486582,1599065420222277,151742.91152363.35,89340,344777451,19230765,664912305,0791,7910,15850,58119462.78959358523.826,335924000303151000,670438.5756204.2,00,3124800023676000,00,00,0,00,6508400054892000,154505.92162617.669,00,00,00,00,00,00,00,7813379.7617776425.596,00,239592000224583000,65932842.6467134948.8,6176223.9887279396176223.988727939,343489000377310000,306248.83314981.019,380169000346246000,100.0%100.0%100.0%100.0%,670438.5756204.2670438.5756204.2,100.0%100.0%,0.0%0.0%
The University of Warwick,00,00,00,0,0,00,00,0,35106507.136550140.629,YesYes,00,00,32720544.8532343285.184,24979884.6833388288.249,00,38752.7535696.66,00,66570947.1165405886.761,99081006.51107579047.499,384605.6390556.43,8719.55912176.96,70491.7258990.98,30969.3964760.29,19083.873862.67,22967.221599.47,17269.54811.96,13159.4713678.22,126473013.56134687424.876,783430000726514000,438057.16411531.48,00,11110800088323000,00,00,0,00,188037000181148000,194697.04194073.45,19523.68940890.21,124962.0383087.14,26548.74918021.22,43622999.8,03001.05,00,00,33381680.0833447404.089,00,484285000457043000,159854693.65168134828.963,64889407.2874064469.72164889407.2874064469.721,731969000870111000,579302.64584629.88,839419000778958000,0.0%50.0%0.0%50.0%,941590710882.19941590710882.19,100.0%0.0%,0.0%0.0%
The University of West London,00,00,00,0,0,00,00,0,00,YesYes,00,00,7291699.577160050,00,00,00,00,1427640.172840422,00,54658.354681.27,00,35503169,1084339.9,1925341473.2,300.3578.7,00,00,11309257.7411905269,194794000166789000,111855113940,00,2117800016398000,24780631790857,00,0,00,17780001446000,00,00,00,00,00,00,00,00,00,00,171838000148945000,11309257.7411905269,0000,186593000156365000,54658.354681.27,204603000172873000,0.0%0.0%0.0%0.0%,2589818190479725898181904797,0.0%0.0%,0.0%0.0%
The University of Westminster,00,00,00,0,0,00,00,0,00,YesYes,00,00,1244788111905520,00,00,00,00,1916526821440341,00,127578.57135635.4,00,425513808,2019413696,9099727738,028426,00,00,2841845530257897,249826000234229000,00,00,1980000013968000,00,00,0,00,123000009207000,28335.528335.5,00,55599553,33190,1614515470,00,00,00,31946943087964,00,217726000211054000,3161314933345861,0000,238205000225576000,155914.07163970.9,260420000243013000,100.0%100.0%100.0%100.0%,29995602999560,24.0%0.0%,0.0%0.0%
The University of Winchester,00,00,00,0,0,00,00,0,2323847781,YesYes,00,00,53762384996148,4608977549,00,00,00,50770095651759,80116164536,4339043349,21491064,2352915788,902721033,3631451,383383,00,201201,61923136611890,7382700075053000,212607158825,00,37800002570000,00,00,0,00,19820001315000,3440934458,00,11461148,154154,00,00,00,00,45428684320172,00,6806500071168000,1073518110932062,6932712533069327125330,8905500086200000,7779977807,8560000086295000,53.0%86.0%53.0%86.0%,216.209158825216.209158825,0.0%0.0%,0.0%0.0%
The University of York,00,01710192,00,0,0,00,00,0,21092639.29520670902.594,NoNo,00,4240304474.4,1593143418288194.744,16491102.30114728366.528,00,00,00,46455928.25846785553.411,51563378.83349866872.245,248397.19247230.503,104213310,126207.96100758.69,69127.9365990.81,13851.8933340.95,00,00,00,70925533.1473251041.222,464367000425408000,1875919252.3,00,5185400041430000,00,00,0,00,130084000106041000,136750.939137226.01,00,8794.2211340,00,00,00,00,00,29068569.71429255894.755,00,282429000277937000,99994102.854102506935.977,37583741.59635399269.12237583741.59635399269.122,514634000556663000,385148.129384456.513,518675000472167000,0,187591898194.3187591898194.3,0.0%0.0%,0.0%0.0%
The University of the West of Scotland,00,00,00,0,0,00,00,0,00,YesYes,00,00,104003877183149,00,00,00,00,99462528613614.22,00,106620106877.19,00,49139.141368.82,4232.891277.83,30301.67707.39,17565.1419779.72,3697.531003.14,02317.14,1762104311587067.1,153131000,84258902,00,2418000,00,00,0,00,8406000,22247.1721263.52,00,13223.7716011.3,00,3293.430,00,00,5729.970,27340214218598.22,00,142307000,2035506415805665.22,0000,145161000,128867.17128140.71,155908000,0.0%0.0%0.0%0.0%,8245890282458902,100.0%100.0%,0.0%0.0%
Trinity Laban Conservatoire of Music and Dance,00,00,00,0,0,00,00,0,00,NoNo,00,00,1806160.611750558.89,00,00,00,00,23330962256199.3,00,18836.618836.6,0,0,0,0,0,0,0,4139256.614006758.19,2467500025802000,00,00,33330005020000,00,00,0,00,430000412000,00,00,00,00,00,00,00,00,00,00,2091200020370000,4139256.614006758.19,0000,2902400030432000,18836.618836.6,2678700027749000,0.0%0.0%0.0%0.0%,0000,0,0
Ulster University,00,00,98300114378,0,0,00,00,0,00,YesYes,00,62683.634558829,1636940714788192,00,00,00,00,2479147926671960,00,240258.18244469.53,87748774,8598985989,124882124882,90139013,57315731,17101710,00,42368282.6346103654,279026000257418000,6147790751,22444012304098,2255500018306000,00,00,0,00,5447600047543000,9286.6411293.56,29892989,21302130,14561456,00,00,00,00,21441662324554,00,201995000191569000,44512448.6348428208,0000,268969000300474000,249544.82255763.09,281451000259474000,12.7%12.7%12.7%12.7%,2917503314373529175033143735,0.1%0.1%,6.4%7.2%
University College Birmingham,0,0,0,0,0,33.84,0,0,0,No,0,0,7918911,0,0,0,0,7075857,0,57746,6822,20209,0,9897,3518,17300,0,12560641.94,67908000,0,0,2917000,0,0,0,0,0,22778.5,0,0,22778.5,0,0,0,0,2434159.9,0,64991000,14994801.84,00,70132000,80524.5,73160000,0,88472.688472.6,0,0
University College London,00,00,00,0,0,00,00,0,24429615009888,YesYes,514384.93751545.304,00,118958437.481114667169.49,1112412.6422975500,00,00,18601.05777720.534,110521753.599105810268.165,8154042.37517177106,573595.37555665.47,62176248.2,55317.738042.2,85651.87108960.97,62755.196155.6,69883.795743.7,152895.743941.6,72496.298672.3,221289910.754211970758.893,19103570001702144000,465921122250,00,234947000176810000,00,00,0,00,693422000684139000,120760.7121493.3,6811.16811.1,17396.221204.8,58945.262348.5,6669.710550.6,17478.17682.9,1127.80,00,21574026.722222565,8829465.7454778982.4,981988000841195000,242863937.454234193323.893,0798538807985388,17520460001988345000,694356.07677158.77,19683440001751779000,47.6%44.3%47.6%44.3%,465921122250465921122250,0.0%0.0%,0.0%0.0%
University for the Creative Arts,00,00,00,0,0,00,00,0,00,YesYes,00,00,69722926986119.78,00,00,00,00,76853479421949,00,59585.9754882.57,03179,1617901,2390317780.52,15511.7230865.17,12409.150,808808,00,1018272911155099.58,11564700092687000,4100040000,00,57540005032000,00,00,0,00,2169000591000,32174.5931576.249,27889140.249,28063822,7468.2493922,1122412475,22172217,12510,00,4515909.55292969.2,00,10772400087064000,1469863916448068.78,0000,12504400097439000,91760.5686458.819,12318900099973000,0.0%0.0%0.0%0.0%,1387000138600013870001386000,0,0
University of Bedfordshire,00,00,00,0,0,00,00,0,306117155113,YesYes,00,00,66251657028578,607444309001,00,00,00,56290709161968,601209313331,9545296833,10740,6436243904,258023038,1115511155,00,00,60487934,1330189016787243,151920000144836000,134094132583,00,1165000010312000,00,00,0,00,52430006015000,00,00,00,00,00,00,00,00,00,00,135027000128509000,1330189016787243,913561464114913561464114,144786000139543000,9545296833,153148000145831000,100.0%100.0%100.0%100.0%,134094132583134094132583,0.0%0.0%,0.0%0.0%
University of Chester,00,00,00,0,0,161215200,019994857,0,00,NoNo,00,00,15877631.1516572604,00,00,00,00,00,00,161842.64157659.97,2438316891,1746826118,2569626741,137844222,05715,00,00,41602678.6542115942,0,188869.1331354,00,0,00,00,0,00,0,43356.7243332.46,1583514991,03210,10158677,00,00,00,00,3204697.68287367,1261935613504494,0,44807376.2550403309,0000,0,205199.36200992.43,0,13.4%13.4%13.4%13.4%,188869.1331354188869.1331354,0.0%0.0%,0.0%0.0%
University of Cumbria,00,00,00,0,0,00,00,0,00,YesYes,00,00,3601402.33627037,00,00,00,00,9847005.27110206488.5,00,55208.8751834.89,00,18915.8813452.18,23554.8825154.74,5060.635814.53,663.093773.03,00,323.3323.3,10075309.61210041120.58,7110000067980000,00,00,55400005547000,00,00,0,00,14800001134000,1377413636,00,49944447,23222322,4773.55458.5,387387,00,00,3373097.9593792404.92,00,6408000061299000,13448407.57113833525.5,0000,7392800069997000,68982.8765470.89,7364800070324000,0.0%0.0%0.0%0.0%,0000,0.0%0.0%,0.0%0.0%
University of Derby,00,00,00,0,0,00,00,0,855519729560,YesYes,00,00,1386750611248133,13331841136898,00,00,00,1821187812227577,23847592033649,110760.21108119.04,01513,19780.9616221.97,77413.7260048.24,859.316661,9586.220,09657,00,2776052121256096,197633000185972000,11299668167,00,1841200018336000,00,00,0,00,48600003138000,46428.352756,0,0,0,0,0,0,0,66205624154239,00,174361000164498000,3438108325410335,855519729560855519729560,212698000217426000,157188.51160875.04,209652000197913000,0.0%39.3%0.0%39.3%,11299648770.8211299648770.82,0.0%0.0%,0.0%0.0%
University of Durham,00,00,00,0,0,00,00,0,8528021007191,YesYes,00,672231156.15,3861785839023425,12792031510786,00,00,00,6593620066571034,25063263357303,262294.51235171.88,6790,2225429978,8260262235,1963528368,1540519016,1512013294,2264929887,6130935461975585,428597000411977000,233004260995,00,3441500045593000,11543194325,00,0,00,8910400079006000,145711.06186474.762,00,1451725759,6160185625,5212630012,708210285,11580,00,4573186746523327,00,305078000287378000,107041220108498912.15,2132005251797721320052517977,489132000532686000,408005.57421646.642,484223000468543000,0.0%24.0%0.0%24.0%,348435355320348435355320,0.0%0.0%,0.0%0.0%
University of Gloucestershire,00,00,00,0,0,00,00,0,00,YesYes,00,00,44667944630721,00,00,00,00,48924386647501,00,55900.37457388.454,00,808113653,1768513770,673912304,105696075,632632,632662,67112838742753,8383800076681000,00,00,83200006232000,00,00,0,00,40580003552000,36066.5736066.57,00,60736025,59554691,00,00,00,00,26479492535469,00,7146000066897000,935923211278222,0000,8905400088412000,91966.94493455.024,8823400080992000,52.3%42.7%52.3%42.7%,0000,0.0%0.0%,0.0%0.0%
University of Hertfordshire,00,00,00,0,0,00,00,0,00,YesYes,00,00,24745342.925223921,00,00,171540.9145114,00,2115512624604427,00,164546165177,04469,20652724,1728717287,4267744540,6184847982,85405753,00,42519329.943014078,350465000311099000,280500280500,00,4750900041501000,00,00,0,00,1936400014959000,2809528095,00,280950,027955,00,00,00,00,3833179.97239884,00,283592000254639000,46352509.850253962,0000,364064000332330000,192641193272,383998000339471000,0.0%0.0%0.0%0.0%,280500280500280500280500,0.0%0.0%,0.0%0.0%
University of London (Institutes and activities),00,00,00,0,0,00,00,0,343474376878,0,00,00,1121814711164960,27081722833572,00,00,00,51994257144770,00,7860078600,0,0,0,0,0,0,0,1068562810180668,149759000141342000,6805686584,00,5165800043924000,00,00,0,00,20040001769000,129419135844,0,0,0,0,0,0,0,885164611426095,00,9609700095649000,1953727421606764,0,184524000207952000,208019214444,196019000182657000,0,0,0,0
University of Northumbria at Newcastle,00,00,00,0,0,00,00,0,349954575522,YesYes,00,00,1961571220025433,563427921048,00,00,00,2125306623693982,11325391852391,167739166834,0,0,0,0,0,0,0,3561718739090198,368462000317244000,286646286220,00,3016600019287000,00,00,0,00,3707800027994000,7643676315,0,0,0,0,0,0,0,93339419294330,28823232882323,301218000269963000,4495112848384528,91338114965709133811496570,369395000329055000,244175243149,382103000329456000,47.0%44.0%47.0%44.0%,286646286220286646286220,100.0%100.0%,0.0%
University of Nottingham,716831275960,1614781059,00,0,0,00,00,0,12279331561621,YesYes,00,278908283372,7070194670104945,15705001514579,00,00,00,8446037382979398,352078011525122,585798.79560419.64,01054,3754541802,7515080343,176252216098,9346761428,5004750493,4403748939,153476439149857299.25,771340000754830000,382986406669,00,8767700081218000,113276223043,00,0,00,191499000186115000,131802.34129420.339,56165616,1352112178,6645869356,342472734,42494652,00,00,2556936226445405.75,2022204917872059,492164000487497000,179045801176302705,2581823282502125818232825021,776278000925347000,717601.13689839.979,822840000801866000,0.0%0.0%0.0%0.0%,58409219867315840921986731,0.0%100.0%,0.0%0.0%
University of Plymouth,11102430,00,00,0,0,00,00,0,15689811106382,YesYes,2274117336,00,1229869112303287,20788161438106,00,00,00,90377699696901,49830183884760,185845.8187076,14931708.6,40965.2823929.79,44864.1248552.84,50430.1334916.7,013225.39,2320.490,10124.312444.79,2621302724653718,261623000244122000,6013755396,00,4542000040833000,3564936310,00,0,00,3176100031100000,00,00,00,00,00,00,00,00,00,00,184442000172189000,2621302724653718,3647797254448836477972544488,251893000247345000,185845.8187076,265324000247093000,42.4%47.5%42.4%47.5%,95786917059578691705,0.0%0.0%,0.0%0.0%
University of South Wales,017007.38,1003200289027,00,0,0,00,00,0,00,YesYes,038594,00,13257670.8113447869.84,00,00,00,00,14159610.116033329.41,00,151903.24156554.76,1080.1828839,44558.0792251,27698.4622773,29674.36762,00,4005.780,00,23539385.9124159134,225487000212417000,431903107039,00,2402000016880000,00,00,0,00,1212800012473000,28683.8127517.78,0577,13204.1220553.28,9601.95547,3655.4840,00,00,00,53129985773733,00,189339000183064000,28852383.9129932866.63,0000,227265000216056000,180587.05184072.54,233031000218934000,48.0%46.0%48.0%46.0%,143510346549143510346549,0.0%0.0%,0.0%0.0%
University of St Mark and St John,00,00,00,0,0,00,00,0,00,NoNo,00,00,21944582187984,00,00,00,00,30345483747041,00,2463824638,00,00,6260.746260.74,17669.7317669.73,00,00,00,31708853436625,2663500029406000,170520186520,00,42570007090000,00,00,0,00,301000110000,1035010350,00,38423842,65086508,00,00,00,00,22286422684920,00,2207700022206000,53995266121545,0000,3203700033119000,3498834988,2958000032071000,100.0%100.0%100.0%100.0%,327890337510327890337510,0.0%0.0%,0.0%0.0%
University of Suffolk,00,00,00,0,0,00,00,0,00,NoNo,00,00,30112742780604.94,00,00,00,00,7630341109154.74,00,31496.831496.8,1129311293,1068010680,37273727,36493649,00,00,00,38243993931052.68,144392000135221000,5009141293,00,155960006317000,00,00,0,00,18180001183000,00,00,00,00,00,00,00,00,00,00,126978000127721000,38243993931052.68,0000,128496000131920000,31496.831496.8,144399000135223000,71.2%22.5%71.2%22.5%,50091412935009141293,0.0%0.0%,0.0%0.0%
University of Wales Trinity Saint David,00,00,00,0,0,00,00,0,041.2,YesYes,00,00,6829068.456159300.33,051.5,00,00,00,1164264112932316.43,045.45,119955.61115974.885,1082620405.3,1658919131.5,3287943117.96,2067315389.93,2124461,54535677.1,05788.8,15188056.0115526420.22,178069000177279000,9026592313,00,2241300021055000,00,00,0,00,64990001183000,26806.627484.1,9011801.5,7217953.1,1034721452.5,40171203.3,25540,00,00,3373918.443657602.24,00,149157000155041000,18561974.4519184022.46,01030103,194045000197185000,146762.21143458.985,183116000180870000,0.0%100.0%0.0%100.0%,90265923139026592313,100.0%100.0%,0.0%0.0%
University of Worcester,00,00,00,0,0,76831670,09930250,0,00,YesYes,00,00,44235404630723,00,00,1849353836,00,00,00,63040.8563333.71,4035.060,19652.389934.78,32510.5331083.6,2156.312106.02,10261900.81,00,00,895953710550147,8791500084656000,375276140612,00,73790003410000,4965322765,00,0,00,24140001765000,24364.2724364.27,1307.041789.27,4168.4615728.93,16517.34931.64,1619.921161.88,00,00,00,35905924228039,00,7812200079481000,1255012914778186,07350735,9930100096399000,87405.1287697.98,9609300092183000,100.0%100.0%100.0%100.0%,424929163377424929163377,8.5%3.0%,0.0%0.0%
"University of the Arts, London",00,00,00,0,0,00,00,0,55249.9173435.953,YesYes,00,10244281166397,13892984.3913397532.09,118888.262158021.483,00,00,00,14840317.80913472781.736,183554.519243973.264,171655.774169426.25,00,14797.56514026.565,83716.36593492.425,23074.1612403.44,44777.3144777.31,00,00,25535444.8425298029.176,394094000359956000,56600.56929192.814,00,2317700012335000,00,00,0,00,85340007184000,25409.3115187.31,00,102220,7723.87723.8,7463.514908.51,02555,00,00,4453024.12999331.9,00,362383000340437000,29988468.9428297361.076,174138.172231457.436174138.172231457.436,409597000367402000,197065.084184613.56,425378000384907000,36.2%100.0%36.2%100.0%,2360480.5692333072.8142360480.5692333072.814,0.0%0.0%,0.0%0.0%
"University of the West of England, Bristol",00,00,00,0,0,00,00,0,35631753723127,YesYes,00,00,2656333126577727,52451605512720,00,00,00,2367697823410952,1102090611623268,228331.53227721.26,0215,35600,70653,39190,23587,41045,1741,5020935549502910.52,358099000355455000,444312458329.27,00,3487000033543000,00,00,0,00,2346500023899000,80501.0980583.01,2070,45867,1466,1955,00,00,00,928360210179944.85,00,299764000298013000,5949295659682855.27,8808335923584788083359235847,378856000368793000,308832.62308304.27,383410000377595000,24.7%43.0%24.7%43.0%,444312458329.27444312458329.27,100.0%100.0%,0.0%0.0%
Wrexham University,00,00,00,0,0,00,00,0,00,0,00,00,42301194036452,00,00,00,00,66145206371401,00,4980249802,20600,2625610345,1113428141,7731783,00,75207520,00,9627219.79234208,4836500045227000,86998.70,00,49690003747000,00,00,0,00,18020002850000,87918791,00,87918791,00,00,00,00,00,13044181173645,00,4159400038630000,10931637.710407853,0000,5311800048969000,5859358593,5089900047206000,38.6%38.8%38.6%38.8%,86998.78368386998.783683,0.0%0.0%,0.0%0.0%
York St John University,00,00,00,0,0,00,00,0,00,0,00,00,48988284947870,00,00,00,00,30414193225354,00,50058.26147769.131,00,22288.5811121.47,18737.522013.4,04555.45,00,00,00,61519456001449.79,8143200071929000,370322308.79,00,25130003099000,00,00,0,00,22110001076000,23288.81423288.814,00,00,00,00,00,00,00,21586342172083,00,7670800067754000,83105698173532.79,0000,9194400079822000,73347.07571057.945,8855200077953000,0,0,0,0
